age,sex,bmi,children,smoker,region,vehicle_age,annual_mileage,accident_history,credit_score,driving_experience,claim_risk,premium
19,female,27.9,0,yes,southwest,8,13455,1,747,3,1,15429.12
18,male,33.77,1,no,southeast,6,13820,0,675,2,0,1000.0
28,male,33.0,3,no,southeast,10,14853,0,685,12,0,1144.05
33,male,22.705,0,no,northwest,12,15110,1,678,17,1,17063.53
32,male,28.88,0,no,northwest,8,14663,0,682,16,0,2303.09
31,female,25.74,0,no,southeast,8,15959,0,654,15,0,1861.6
46,female,33.44,1,no,southeast,12,16524,1,683,30,0,7845.93
37,female,27.74,3,no,northwest,12,12521,2,744,21,0,7314.42
37,male,29.83,2,no,northeast,8,9503,4,673,21,0,10643.04
60,female,25.84,0,no,northwest,12,16288,0,768,44,0,24954.31
25,male,26.22,0,no,northeast,6,11101,0,757,9,0,1000.0
62,female,26.29,0,yes,southeast,12,14288,1,688,46,1,25387.48
23,male,34.4,0,no,southwest,8,12066,1,656,7,0,1070.35
56,female,39.82,0,no,southeast,7,10197,1,641,40,0,9837.28
27,male,42.13,0,yes,southeast,3,13415,3,576,11,1,36381.85
19,male,24.6,1,no,southwest,5,14506,0,725,3,0,1000.0
52,female,30.78,1,no,northeast,9,12940,0,604,36,0,8240.54
23,male,23.845,0,no,northeast,8,9650,0,747,7,0,1000.0
56,male,40.3,0,no,southwest,10,13231,0,680,40,0,10130.31
30,male,35.3,0,yes,southwest,4,13416,1,697,14,1,31527.36
60,female,36.005,0,no,northeast,12,12186,1,715,44,1,11887.23
30,female,32.4,1,no,southwest,8,14262,0,708,14,0,1568.24
18,male,34.1,0,no,southeast,7,13804,1,741,2,0,1000.0
34,female,31.92,1,yes,northeast,5,13975,1,712,18,1,32173.74
37,male,28.025,2,no,northwest,8,14048,1,675,21,0,6094.83
59,female,27.72,3,no,southeast,12,13061,1,695,43,1,14468.56
63,female,23.085,0,no,northeast,10,16089,1,638,47,1,12287.07
55,female,32.775,2,no,northwest,12,14505,0,668,39,0,11153.04
23,male,17.385,1,no,northwest,6,13409,1,721,7,0,1600.98
31,male,36.3,2,yes,southwest,8,12348,1,696,15,1,35887.11
22,male,35.6,0,yes,southwest,5,12416,1,653,6,1,33562.67
18,female,26.315,0,no,northeast,12,13826,2,651,2,0,3035.04
19,female,28.6,5,no,southwest,7,13521,1,634,3,0,2643.78
63,male,28.31,0,no,northwest,10,16965,0,692,47,0,12020.36
28,male,36.4,1,yes,southwest,11,12548,1,745,12,1,46077.08
19,male,20.425,0,no,northwest,3,9872,2,722,3,0,2203.5
62,female,32.965,3,no,northwest,12,17171,0,732,46,0,12569.11
26,male,20.8,0,no,southwest,2,11854,0,704,10,0,1000.0
35,male,36.67,1,yes,northeast,5,11838,4,585,19,1,39911.16
60,male,39.9,0,yes,southwest,12,16468,2,612,44,1,45027.84
24,female,26.6,0,no,northeast,10,13610,0,715,8,0,1000.0
31,female,36.63,2,no,southeast,9,17339,0,618,15,0,3983.97
41,male,21.78,1,no,southeast,10,15537,1,685,25,0,5977.78
37,female,30.8,2,no,southeast,9,13316,0,685,21,0,4099.61
38,male,37.05,1,no,northeast,5,16597,1,629,22,0,6567.54
55,male,37.3,0,no,southwest,10,13145,0,612,39,0,17024.9
18,female,38.665,2,no,northeast,5,14492,1,680,2,0,2386.93
28,female,34.77,0,no,northwest,11,15389,1,683,12,0,3879.01
60,female,24.53,0,no,southeast,12,16913,0,752,44,0,10199.99
36,male,35.2,1,yes,southeast,4,15315,2,630,20,1,34242.28
18,female,35.625,0,no,northeast,8,14184,0,718,2,0,1000.0
21,female,33.63,2,no,northwest,6,12204,1,739,5,0,2241.9
48,male,28.0,1,yes,southwest,9,14762,2,699,32,1,22850.74
36,male,34.43,0,yes,southeast,11,13608,1,661,20,1,34156.41
40,female,28.69,3,no,northwest,12,18423,0,717,24,0,6207.77
58,male,36.955,2,yes,northwest,12,14962,2,640,42,1,43103.42
58,female,31.825,2,no,northeast,10,13509,1,662,42,1,12003.61
18,male,31.68,2,yes,southeast,6,13844,3,691,2,1,33482.94
53,female,22.88,1,yes,southeast,12,12515,1,712,37,1,20205.43
34,female,37.335,2,no,northwest,12,13438,0,728,18,0,4197.28
43,male,27.36,3,no,northeast,9,16096,0,700,27,0,5567.79
25,male,33.66,4,no,southeast,7,12608,0,685,9,0,1528.74
64,male,24.7,1,no,northwest,10,12260,0,704,48,0,25811.58
28,female,25.935,1,no,northwest,5,13992,1,669,12,0,3394.7
20,female,22.42,0,yes,northwest,9,16416,1,747,4,1,14659.05
19,female,28.9,0,no,southwest,11,16237,0,788,3,0,1000.0
61,female,39.1,2,no,southwest,12,16378,0,667,45,0,11785.41
40,male,26.315,1,no,northwest,12,13713,0,695,24,0,3560.37
40,female,36.19,0,no,southeast,11,12283,0,663,24,0,4825.11
28,male,23.98,3,yes,southeast,6,15932,1,690,12,1,15795.12
27,female,24.75,0,yes,southeast,9,13746,2,757,11,1,16953.56
31,male,28.5,5,no,northeast,12,14709,1,675,15,0,7214.97
53,female,28.1,3,no,southwest,12,17063,0,693,37,0,9824.82
58,male,32.01,1,no,southeast,12,15676,2,635,42,0,11643.9
44,male,27.4,2,no,southwest,3,13015,1,714,28,0,6351.37
57,male,34.01,0,no,northwest,12,18426,2,670,41,0,11331.08
29,female,29.59,1,no,southeast,9,13171,1,657,13,0,4304.73
21,male,35.53,0,no,southeast,6,15062,1,648,5,0,1788.83
22,female,39.805,0,no,northeast,8,14167,1,720,6,0,1832.74
41,female,32.965,0,no,northwest,4,13042,0,700,25,0,2838.13
31,male,26.885,1,no,northeast,8,16533,0,721,15,0,3714.14
45,female,38.285,0,no,northeast,12,15788,4,639,29,0,11168.45
22,male,37.62,1,yes,southeast,12,16185,1,722,6,1,33115.11
48,female,41.23,4,no,northwest,10,16103,0,638,32,0,9354.88
37,female,34.8,2,yes,southwest,7,12925,1,668,21,1,35611.24
45,male,22.895,2,yes,northwest,9,12598,1,711,29,1,19907.45
57,female,31.16,0,yes,northwest,12,12969,1,632,41,1,37708.24
56,female,27.2,0,no,southwest,12,11417,0,684,40,0,8576.39
46,female,27.74,0,no,northwest,9,17506,0,751,30,0,7175.15
55,female,26.98,0,no,northwest,12,12900,0,744,39,0,9269.2
21,female,39.49,0,no,southeast,7,13409,0,712,5,0,1878.62
53,female,24.795,1,no,northwest,12,14334,3,667,37,0,11067.29
59,male,29.83,3,yes,northeast,11,14938,1,680,43,1,28126.42
35,male,34.77,2,no,northwest,8,15262,1,619,19,0,5990.11
64,female,31.3,2,yes,southwest,12,16103,1,725,48,1,40993.39
28,female,37.62,1,no,southeast,4,11789,0,724,12,0,1292.24
54,female,30.8,3,no,southwest,12,14506,0,744,38,0,9586.91
55,male,38.28,0,no,southeast,12,15255,0,739,39,0,6549.06
56,male,19.95,0,yes,northeast,12,14337,1,741,40,1,19821.24
38,male,19.3,0,yes,southwest,9,16862,2,771,22,1,15676.49
41,female,31.6,0,no,southwest,6,14020,0,696,25,0,3637.68
30,male,25.46,0,no,northeast,7,14899,1,648,14,0,3249.5
18,female,30.115,0,no,northeast,6,14657,0,738,2,0,17730.8
61,female,29.92,3,yes,southeast,11,16380,2,621,45,1,29109.04
34,female,27.5,1,no,southwest,9,14498,0,721,18,0,2470.8
20,male,28.025,1,yes,northwest,8,11895,1,735,4,1,15972.27
19,female,28.4,1,no,southwest,12,15994,0,724,3,0,1000.0
26,male,30.875,2,no,northwest,8,12903,0,785,10,0,1822.3
29,male,27.94,0,no,southeast,9,13366,1,633,13,0,3793.35
63,male,35.09,0,yes,southeast,12,15652,1,678,47,1,42033.34
54,male,33.63,1,no,northwest,6,15095,0,698,38,0,7504.14
55,female,29.7,2,no,southwest,12,14811,0,662,39,0,10380.19
37,male,30.8,0,no,southwest,10,14970,1,653,21,0,4320.17
21,female,35.72,0,no,northwest,12,18179,0,661,5,0,1872.16
52,male,32.205,3,no,northeast,11,14929,0,663,36,0,9320.13
60,male,28.595,0,no,northeast,12,19123,0,708,44,0,23980.53
58,male,49.06,0,no,southeast,12,15691,0,630,42,0,10435.11
29,female,27.94,1,yes,southeast,5,10072,2,701,13,1,19582.03
49,female,27.17,0,no,southeast,12,16146,0,739,33,0,7699.83
37,female,23.37,2,no,northwest,12,15693,0,748,21,0,1608.82
44,male,37.1,2,no,southwest,12,17133,1,660,28,0,7512.28
18,male,23.75,0,no,northeast,4,14074,1,725,2,0,1000.0
20,female,28.975,0,no,northwest,11,14765,1,735,4,0,1000.0
44,male,31.35,1,yes,northeast,6,11059,1,708,28,1,35197.3
47,female,33.915,3,no,northwest,12,14540,3,725,31,0,11114.46
26,female,28.785,0,no,northeast,12,13764,0,746,10,0,2286.65
19,female,28.3,0,yes,southwest,4,11928,1,761,3,1,14580.89
52,female,37.4,0,no,southwest,10,15221,1,587,36,0,7851.35
32,female,17.765,2,yes,northwest,9,17059,1,736,16,1,28598.83
38,male,34.7,2,no,southwest,8,14501,1,671,22,0,4577.0
59,female,26.505,0,no,northeast,8,11482,1,702,43,1,9663.07
61,female,22.04,0,no,northeast,12,15441,0,704,45,0,9928.24
53,female,35.9,2,no,southwest,9,15939,0,704,37,0,8510.25
19,male,25.555,0,no,northwest,8,13078,1,646,3,0,2592.69
20,female,28.785,0,no,northeast,4,12672,0,726,4,0,1000.0
22,female,28.05,0,no,southeast,12,15295,1,675,6,0,1353.43
19,male,34.1,0,no,southwest,5,11881,0,678,3,0,1000.0
22,male,25.175,0,no,northwest,6,14572,0,738,6,0,1000.0
54,female,31.9,3,no,southeast,12,14584,0,705,38,0,24556.79
22,female,36.0,0,no,southwest,4,13583,1,715,6,0,3047.47
34,male,22.42,2,no,northeast,10,12981,0,697,18,0,23654.17
26,male,32.49,1,no,northeast,12,14466,0,698,10,0,2193.49
34,male,25.3,2,yes,southeast,4,13918,2,729,18,1,16939.12
29,male,29.735,2,no,northwest,9,13631,0,721,13,0,14605.18
30,male,28.69,3,yes,northwest,9,17186,1,715,14,1,18957.65
29,female,38.83,3,no,southeast,11,14186,0,720,13,0,3116.04
46,male,30.495,3,yes,northwest,7,13792,1,680,30,1,36157.44
51,female,37.73,1,no,southeast,8,15220,0,663,35,0,7558.03
53,female,37.43,1,no,northwest,12,12394,1,694,37,0,9369.98
19,male,28.4,1,no,southwest,8,11122,2,684,3,0,2418.79
35,male,24.13,1,no,northwest,10,11881,0,765,19,0,1350.23
48,male,29.7,0,no,southeast,12,17026,0,722,32,0,6358.62
32,female,37.145,3,no,northeast,7,12682,1,653,16,0,7553.5
42,female,23.37,0,yes,northeast,11,19019,1,728,26,1,17322.43
40,female,25.46,1,no,northeast,11,13741,0,690,24,0,5570.92
44,male,39.52,0,no,northwest,8,14054,2,689,28,0,7833.25
48,male,24.42,0,yes,southeast,12,17502,2,652,32,1,21517.5
18,male,25.175,0,yes,northeast,8,17540,1,753,2,1,13249.47
30,male,35.53,0,yes,southeast,5,16555,2,679,14,1,32220.25
50,female,27.83,3,no,southeast,12,16904,0,709,34,0,16907.95
42,female,26.6,0,yes,northwest,7,15211,1,733,26,1,18825.6
18,female,36.85,0,yes,southeast,9,15437,3,669,2,1,34281.44
54,male,39.6,1,no,southwest,12,16113,1,714,38,0,9263.34
32,female,29.8,2,no,southwest,6,12383,0,755,16,0,3011.23
37,male,29.64,0,no,northwest,12,13654,0,721,21,0,3707.92
47,male,28.215,4,no,northeast,12,14889,0,683,31,0,8625.21
20,female,37.0,5,no,southwest,9,14111,0,668,4,0,2912.65
32,female,33.155,3,no,northwest,12,14350,1,684,16,0,5929.77
19,female,31.825,1,no,northwest,6,14699,0,740,3,0,1000.0
27,male,18.905,3,no,northeast,6,15019,0,725,11,0,3257.94
63,male,41.47,0,no,southeast,11,14505,0,661,47,0,10452.15
49,male,30.3,0,no,southwest,9,16477,1,760,33,0,6955.76
18,male,15.96,0,no,northeast,6,11589,0,746,2,0,1000.0
35,female,34.8,1,no,southwest,10,14146,1,659,19,0,4361.52
24,female,33.345,0,no,northwest,8,12821,0,725,8,0,1585.63
63,female,37.7,0,yes,southwest,12,11482,1,671,47,1,43118.64
38,male,27.835,2,no,northwest,10,14289,0,666,22,0,4374.19
54,male,29.2,1,no,southwest,12,14583,2,723,38,0,8278.92
46,female,28.9,2,no,southwest,10,16883,1,673,30,0,6640.68
41,female,33.155,3,no,northeast,12,16057,0,700,25,0,5608.63
58,male,28.595,0,no,northwest,12,12989,0,710,42,0,9543.87
18,female,38.28,0,no,southeast,4,16082,0,691,2,0,1000.0
22,male,19.95,3,no,northeast,4,14946,0,661,6,0,1911.43
44,female,26.41,0,no,northwest,12,15930,1,695,28,0,6368.2
44,male,30.69,2,no,southeast,10,13955,0,745,28,0,5232.09
36,male,41.895,3,yes,northeast,12,13429,1,705,20,1,40027.44
26,female,29.92,2,no,southeast,9,13677,0,674,10,0,2518.32
30,female,30.9,3,no,southwest,8,15801,0,738,14,0,2958.53
41,female,32.2,1,no,southwest,8,16989,0,675,25,0,5917.33
29,female,32.11,2,no,northwest,4,15389,0,689,13,0,4458.6
61,male,31.57,0,no,southeast,12,13854,1,680,45,1,10260.68
36,female,26.2,0,no,southwest,12,13157,0,723,20,0,3716.74
25,male,25.74,0,no,southeast,8,14265,0,756,9,0,3116.79
56,female,26.6,1,no,northwest,9,10854,0,727,40,0,9676.09
18,male,34.43,0,no,southeast,7,14379,0,690,2,0,1000.0
19,male,30.59,0,no,northwest,8,13864,1,728,3,0,1021.45
39,female,32.8,0,no,southwest,7,12723,1,660,23,0,5240.91
45,female,28.6,2,no,southeast,11,11914,0,709,29,0,7152.56
51,female,18.05,0,no,northwest,12,15708,0,779,35,0,6242.54
64,female,39.33,0,no,northeast,10,13134,1,687,48,1,13276.53
19,female,32.11,0,no,northwest,8,12126,1,673,3,0,1000.0
48,female,32.23,1,no,southeast,12,9997,1,636,32,0,8007.65
60,female,24.035,0,no,northwest,12,14653,1,725,44,1,10843.57
27,female,36.08,0,yes,southeast,11,17908,2,611,11,1,35027.77
46,male,22.3,0,no,southwest,7,16234,0,724,30,0,3364.65
28,female,28.88,1,no,northeast,5,12303,0,753,12,0,1608.88
59,male,26.4,0,no,southeast,12,13691,1,728,43,0,11374.86
35,male,27.74,2,yes,northeast,11,15572,2,620,19,1,19551.98
63,female,31.8,0,no,southwest,12,12958,0,710,47,0,9668.41
40,male,41.23,1,no,northeast,12,15513,0,663,24,0,5211.88
20,male,33.0,1,no,southwest,9,15702,2,630,4,0,2329.19
40,male,30.875,4,no,northwest,12,17086,0,717,24,0,6048.15
24,male,28.5,2,no,northwest,10,14470,1,683,8,0,2428.05
34,female,26.73,1,no,southeast,11,14444,0,701,18,0,5111.46
45,female,30.9,2,no,southwest,10,12832,3,674,29,0,8393.76
41,female,37.1,2,no,southwest,12,13579,0,665,25,0,8209.74
53,female,26.6,0,no,northwest,10,13820,0,722,37,0,7652.5
27,male,23.1,0,no,southeast,7,14320,1,696,11,0,2007.46
26,female,29.92,1,no,southeast,6,14963,1,677,10,0,2115.36
24,female,23.21,0,no,southeast,8,12675,2,739,8,1,22681.62
34,female,33.7,1,no,southwest,12,17628,0,735,18,0,2619.88
53,female,33.25,0,no,northeast,6,12544,0,638,37,0,8645.53
32,male,30.8,3,no,southwest,11,14784,0,732,16,0,2197.45
19,male,34.8,0,yes,southwest,2,11045,1,731,3,1,30706.35
42,male,24.64,0,yes,southeast,9,9949,1,767,26,1,15161.94
55,male,33.88,3,no,southeast,12,16278,2,691,39,0,12181.63
28,male,38.06,0,no,southeast,8,15233,0,647,12,0,1923.77
58,female,41.91,0,no,southeast,9,13352,1,682,42,1,20476.54
41,female,31.635,1,no,northeast,8,13899,0,673,25,0,5894.23
47,male,25.46,2,no,northeast,12,15772,0,710,31,0,7238.98
42,female,36.195,1,no,northwest,8,11114,0,703,26,0,6708.86
59,female,27.83,3,no,southeast,12,13816,0,686,43,0,10793.47
19,female,17.8,0,no,southwest,7,15165,1,692,3,0,3708.39
59,male,27.5,1,no,southwest,11,12283,0,732,43,0,7687.74
39,male,24.51,2,no,northwest,12,15514,0,790,23,0,4392.62
40,female,22.22,2,yes,southeast,12,12694,1,763,24,1,15802.13
18,female,26.73,0,no,southeast,1,12823,1,731,2,0,2112.14
31,male,38.39,2,no,southeast,9,14174,1,705,15,0,3531.35
19,male,29.07,0,yes,northwest,5,10469,3,697,3,1,17096.9
44,male,38.06,1,no,southeast,12,16920,0,700,28,0,5756.32
23,female,36.67,2,yes,northeast,5,11906,1,707,7,1,34060.14
33,female,22.135,1,no,northeast,9,12828,0,684,17,0,2997.28
55,female,26.8,1,no,southwest,12,15116,1,713,39,1,30494.14
40,male,35.3,3,no,southwest,12,16953,0,689,24,0,5581.84
63,female,27.74,0,yes,northeast,10,12328,4,670,47,1,30151.8
54,male,30.02,0,no,northwest,11,14595,1,680,38,1,22649.67
60,female,38.06,0,no,southeast,12,15429,0,702,44,0,12019.29
24,male,35.86,0,no,southeast,6,14618,0,662,8,0,1000.0
19,male,20.9,1,no,southwest,12,15615,0,717,3,0,1000.0
29,male,28.975,1,no,northeast,10,13941,0,688,13,0,3495.07
18,male,17.29,2,yes,northeast,3,11223,2,752,2,1,11633.44
63,female,32.2,2,yes,southwest,12,14801,2,677,47,1,41659.42
54,male,34.21,2,yes,southeast,12,12967,1,667,38,1,38791.74
27,male,30.3,3,no,southwest,11,9929,0,694,11,0,2983.38
50,male,31.825,0,yes,northeast,7,14092,1,691,34,1,36872.42
55,female,25.365,3,no,northeast,11,16012,0,779,39,0,10945.87
56,male,33.63,0,yes,northwest,12,10743,1,642,40,1,39020.16
38,female,40.15,0,no,southeast,8,12113,0,701,22,0,3671.78
51,male,24.415,4,no,northwest,12,15888,0,741,35,0,8313.81
19,male,31.92,0,yes,northwest,9,17913,1,659,3,1,30497.22
58,female,25.2,0,no,southwest,10,14165,1,762,42,0,10365.33
20,female,26.84,1,yes,southeast,7,12562,2,712,4,1,15296.97
52,male,24.32,3,yes,northeast,2,11509,3,671,36,1,25242.22
19,male,36.955,0,yes,northwest,4,15252,2,598,3,1,31808.39
53,female,38.06,3,no,southeast,11,13407,0,692,37,0,17148.24
46,male,42.35,3,yes,southeast,7,12051,1,657,30,1,40501.4
40,male,19.8,1,yes,southeast,12,14179,1,691,24,1,17159.35
59,female,32.395,3,no,northeast,9,12194,2,640,43,1,14715.13
45,male,30.2,1,no,southwest,9,14234,0,738,29,0,4663.57
49,male,25.84,1,no,northeast,12,17627,0,652,33,0,7166.49
18,male,29.37,1,no,southeast,11,15579,0,721,2,0,1994.62
50,male,34.2,2,yes,southwest,7,12921,2,665,34,1,38519.51
41,male,37.05,2,no,northwest,12,14489,0,704,25,0,3859.13
50,male,27.455,1,no,northeast,12,12193,0,705,34,0,7822.8
25,male,27.55,0,no,northwest,5,14626,1,714,9,0,1936.13
47,female,26.6,2,no,northeast,12,14763,1,680,31,0,9423.69
19,male,20.615,2,no,northwest,7,13508,0,734,3,0,1521.69
22,female,24.3,0,no,southwest,5,18598,0,742,6,0,1728.06
59,male,31.79,2,no,southeast,12,15223,0,708,43,0,8985.59
51,female,21.56,1,no,southeast,10,12957,0,747,35,0,6396.1
40,female,28.12,1,yes,northeast,10,13675,4,633,24,1,24045.39
54,male,40.565,3,yes,northeast,12,16742,2,632,38,1,44023.2
30,male,27.645,1,no,northeast,12,15343,0,695,14,0,1437.48
55,female,32.395,1,no,northeast,9,11430,0,691,39,0,11062.45
52,female,31.2,0,no,southwest,12,16383,0,752,36,0,5969.38
46,male,26.62,1,no,southeast,5,11674,1,694,30,0,6094.75
46,female,48.07,2,no,northeast,10,17495,0,614,30,0,7444.2
63,female,26.22,0,no,northwest,12,16491,1,726,47,1,13950.8
59,female,36.765,1,yes,northeast,12,13955,1,723,43,1,41376.19
52,male,26.4,3,no,southeast,10,16398,0,675,36,0,22592.47
28,female,33.4,0,no,southwest,8,14095,2,743,12,0,2704.48
29,male,29.64,1,no,northeast,7,15115,0,724,13,0,17237.88
25,male,45.54,2,yes,southeast,6,14249,1,686,9,1,36636.89
22,female,28.82,0,no,southeast,10,13231,1,751,6,0,3053.15
25,male,26.8,3,no,southwest,9,13231,0,752,9,0,1213.64
18,male,22.99,0,no,northeast,5,14981,0,725,2,0,1000.0
19,male,27.7,0,yes,southwest,10,14146,1,746,3,1,13670.1
47,male,25.41,1,yes,southeast,12,14209,1,719,31,1,19508.64
31,male,34.39,3,yes,northwest,11,13211,2,709,15,1,36853.84
48,female,28.88,1,no,northwest,12,15600,0,753,32,0,5952.97
36,male,27.55,3,no,northeast,7,17066,2,653,20,0,5793.29
53,female,22.61,3,yes,northeast,10,12390,1,746,37,1,22962.57
56,female,37.51,2,no,southeast,12,14801,0,679,40,0,8784.25
28,female,33.0,2,no,southeast,10,16981,1,692,12,0,3627.43
57,female,38.0,2,no,southwest,12,14610,2,664,41,1,12466.8
29,male,33.345,2,no,northwest,9,15034,0,701,13,0,16355.94
28,female,27.5,2,no,southwest,12,13374,0,769,12,0,16198.04
30,female,33.33,1,no,southeast,7,14378,0,650,14,0,1546.63
58,male,34.865,0,no,northeast,12,14412,0,633,42,0,10172.54
41,female,33.06,2,no,northwest,10,16061,2,607,25,0,7396.84
50,male,26.6,0,no,southwest,11,16569,1,744,34,0,6179.05
19,female,24.7,0,no,southwest,10,19117,0,697,3,0,1427.66
43,male,35.97,3,yes,southeast,12,15940,1,683,27,1,38422.35
49,male,35.86,0,no,southeast,12,15419,1,674,33,0,9000.72
27,female,31.4,0,yes,southwest,12,15525,2,649,11,1,33333.56
52,male,33.25,0,no,northeast,12,14220,0,728,36,0,6445.16
50,male,32.205,0,no,northwest,12,15425,0,697,34,0,6967.47
54,male,32.775,0,no,northeast,11,13988,0,691,38,0,7339.49
44,female,27.645,0,no,northwest,12,15226,2,699,28,0,6315.63
32,male,37.335,1,no,northeast,8,16160,0,711,16,0,2345.37
34,male,25.27,1,no,northwest,9,12479,0,689,18,0,3986.66
26,female,29.64,4,no,northeast,10,16548,0,740,10,0,21081.92
34,male,30.8,0,yes,southwest,7,15829,1,744,18,1,30153.67
57,male,40.945,0,no,northeast,12,14544,0,625,41,0,9120.56
29,male,27.2,0,no,southwest,5,9458,1,714,13,0,1833.9
40,male,34.105,1,no,northeast,6,12167,0,685,24,0,2874.98
27,female,23.21,1,no,southeast,12,17400,0,753,11,0,2608.56
45,male,36.48,2,yes,northwest,12,14886,1,634,29,1,38496.59
64,female,33.8,1,yes,southwest,12,12941,1,742,48,1,41777.69
52,male,36.7,0,no,southwest,12,13962,1,620,36,0,7187.65
61,female,36.385,1,yes,northeast,12,16114,1,668,45,1,44772.4
52,male,27.36,0,yes,northwest,9,14849,1,719,36,1,21319.53
61,female,31.16,0,no,northwest,12,14279,1,668,45,1,13273.45
56,female,28.785,0,no,northeast,10,13536,0,682,40,0,10711.48
43,female,35.72,2,no,northeast,12,14289,0,699,27,0,17073.32
64,male,34.5,0,no,southwest,12,13072,2,673,48,1,13161.43
60,male,25.74,0,no,southeast,11,17146,3,685,44,0,10860.26
62,male,27.55,1,no,northwest,12,14122,1,733,46,1,12746.6
50,male,32.3,1,yes,northeast,12,16919,2,663,34,1,40840.61
46,female,27.72,1,no,southeast,9,16596,1,714,30,0,7100.52
24,female,27.6,0,no,southwest,5,14837,1,685,8,1,14738.86
62,male,30.02,0,no,northwest,12,13936,0,678,46,0,10395.5
60,female,27.55,0,no,northeast,12,15386,1,693,44,1,11771.03
63,male,36.765,0,no,northeast,12,14614,1,658,47,1,11741.48
49,female,41.47,4,no,southeast,10,12729,0,658,33,0,6447.93
34,female,29.26,3,no,southeast,10,15041,1,739,18,0,5210.8
33,male,35.75,2,no,southeast,5,11001,1,670,17,0,3209.61
46,male,33.345,1,no,northeast,7,15429,0,675,30,0,7666.43
36,female,29.92,1,no,southeast,7,12770,0,709,20,0,3489.16
19,male,27.835,0,no,northwest,6,13857,0,718,3,0,1000.0
57,female,23.18,0,no,northwest,12,15227,0,687,41,0,9499.37
50,female,25.6,0,no,southwest,12,14410,0,711,34,0,7010.24
30,female,27.7,0,no,southwest,11,15847,0,703,14,0,1000.0
33,male,35.245,0,no,northeast,8,13098,0,686,17,0,8850.24
18,female,38.28,0,no,southeast,7,15311,2,685,2,1,14439.49
46,male,27.6,0,no,southwest,8,11422,1,708,30,1,21987.26
46,male,43.89,3,no,southeast,11,14825,1,697,30,0,7635.05
47,male,29.83,3,no,northwest,10,17591,1,696,31,0,8957.85
23,male,41.91,0,no,southeast,8,12354,1,722,7,0,1722.83
18,female,20.79,0,no,southeast,4,11778,1,708,2,0,2554.56
48,female,32.3,2,no,northeast,12,15754,0,674,32,0,8183.68
35,male,30.5,1,no,southwest,12,15380,1,714,19,0,3297.71
19,female,21.7,0,yes,southwest,7,14411,1,769,3,1,11743.93
21,female,26.4,1,no,southwest,8,14917,1,659,5,0,2687.81
21,female,21.89,2,no,southeast,9,15464,1,713,5,0,3484.55
49,female,30.78,1,no,northeast,10,16151,0,684,33,0,6144.98
56,female,32.3,3,no,northeast,12,15457,0,706,40,0,11217.57
42,female,24.985,2,no,northwest,10,13960,0,723,26,0,5088.83
44,male,32.015,2,no,northwest,11,15783,0,749,28,0,5482.67
18,male,30.4,3,no,northeast,4,16160,0,703,2,0,2125.94
61,female,21.09,0,no,northwest,12,14460,0,783,45,0,11416.16
57,female,22.23,0,no,northeast,12,13088,2,696,41,0,11348.02
42,female,33.155,1,no,northeast,12,16852,0,731,26,0,5560.42
26,male,32.9,2,yes,southwest,11,14705,1,695,10,1,31944.22
20,male,33.33,0,no,southeast,12,11606,0,759,4,0,2597.91
23,female,28.31,0,yes,northwest,5,14596,2,637,7,1,17195.09
39,female,24.89,3,yes,northeast,12,14105,1,671,23,1,18845.4
24,male,40.15,0,yes,southeast,8,13886,1,730,8,1,35093.57
64,female,30.115,3,no,northwest,12,15204,0,682,48,0,15005.85
62,male,31.46,1,no,southeast,11,14694,2,656,46,1,27080.39
27,female,17.955,2,yes,northeast,6,14601,1,701,11,1,14892.12
55,male,30.685,0,yes,northeast,10,13435,3,710,39,1,40730.27
55,male,33.0,0,no,southeast,6,13847,0,655,39,0,16933.47
35,female,43.34,2,no,southeast,8,13434,0,669,19,0,3752.87
44,male,22.135,2,no,northeast,8,14996,0,722,28,0,5723.41
19,male,34.4,0,no,southwest,7,14861,0,731,3,0,1000.0
58,female,39.05,0,no,southeast,12,13140,0,661,42,0,10823.71
50,male,25.365,2,no,northwest,12,16696,0,736,34,0,26068.83
26,female,22.61,0,no,northwest,11,13999,0,689,10,0,2601.41
24,female,30.21,3,no,northwest,6,14814,1,775,8,0,4050.14
48,male,35.625,4,no,northeast,9,14604,0,683,32,0,7390.39
19,female,37.43,0,no,northwest,8,17240,0,686,3,0,1000.0
48,male,31.445,1,no,northeast,7,13000,0,762,32,0,5263.66
49,male,31.35,1,no,northeast,12,14271,1,671,33,0,8084.09
46,female,32.3,2,no,northeast,12,14877,0,759,30,0,7333.8
46,male,19.855,0,no,northwest,9,13495,1,712,30,0,5919.57
43,female,34.4,3,no,southwest,5,14215,1,706,27,0,7709.56
21,male,31.02,0,no,southeast,11,12237,0,685,5,0,13332.93
64,male,25.6,2,no,southwest,12,12849,0,674,48,0,12718.85
18,female,38.17,0,no,southeast,10,12915,0,698,2,0,1000.0
51,female,20.6,0,no,southwest,7,14951,2,735,35,0,10489.31
47,male,47.52,1,no,southeast,9,16903,0,609,31,0,5335.81
64,female,32.965,0,no,northwest,12,14462,2,664,48,1,16438.98
49,male,32.3,3,no,northwest,11,14278,0,743,33,0,7413.6
31,male,20.4,0,no,southwest,7,13754,0,758,15,0,1000.0
52,female,38.38,2,no,northeast,12,16795,1,657,36,0,10210.99
33,female,24.31,0,no,southeast,6,11728,0,704,17,0,5080.71
47,female,23.6,1,no,southwest,11,15000,1,783,31,0,8177.39
38,male,21.12,3,no,southeast,10,16088,0,684,22,0,5327.94
32,male,30.03,1,no,southeast,10,15372,0,706,16,0,3114.68
19,male,17.48,0,no,northwest,9,14737,0,694,3,0,1000.0
44,female,20.235,1,yes,northeast,7,15142,1,771,28,1,17310.77
26,female,17.195,2,yes,northeast,3,7915,1,734,10,1,12165.33
25,male,23.9,5,no,southwest,12,16377,0,733,9,0,5021.25
19,female,35.15,0,no,northwest,8,13003,0,789,3,0,1000.0
43,female,35.64,1,no,southeast,8,10643,2,646,27,0,7212.71
52,male,34.1,0,no,southeast,12,15689,0,757,36,0,5927.54
36,female,22.6,2,yes,southwest,10,16795,1,705,20,1,16708.45
64,male,39.16,1,no,southeast,12,14406,0,672,48,0,12244.11
63,female,26.98,0,yes,northwest,12,16275,1,797,47,1,24702.99
64,male,33.88,0,yes,southeast,12,17381,2,667,48,1,43827.18
61,male,35.86,0,yes,southeast,12,16920,1,630,45,1,42379.06
40,male,32.775,1,yes,northeast,9,16888,1,698,24,1,35895.9
25,male,30.59,0,no,northeast,11,16187,1,688,9,0,3516.79
48,male,30.2,2,no,southwest,12,15008,1,708,32,0,8152.35
45,male,24.31,5,no,southeast,12,12202,2,696,29,0,9009.25
38,female,27.265,1,no,northeast,7,13112,0,794,22,0,3365.0
18,female,29.165,0,no,northeast,9,12996,0,730,2,0,6752.28
21,female,16.815,1,no,northeast,10,18376,0,710,5,0,1719.65
27,female,30.4,3,no,northwest,3,12196,1,699,11,1,17753.82
19,male,33.1,0,no,southwest,3,12824,1,659,3,1,20601.4
29,female,20.235,2,no,northwest,2,13103,0,729,13,0,3077.13
42,male,26.9,0,no,southwest,9,14144,0,685,26,0,4927.6
60,female,30.5,0,no,southwest,12,17582,1,768,44,1,10089.55
31,male,28.595,1,no,northwest,12,14076,1,676,15,0,4187.49
60,male,33.11,3,no,southeast,12,15031,0,723,44,0,10265.54
22,male,31.73,0,no,northeast,12,14008,1,679,6,0,1855.9
35,male,28.9,3,no,southwest,5,10731,3,635,19,0,7730.31
52,female,46.75,5,no,southeast,7,12280,0,665,36,0,9010.48
26,male,29.45,0,no,northeast,8,13947,1,712,10,0,2754.99
31,female,32.68,1,no,northwest,10,13805,0,720,15,0,1605.91
33,female,33.5,0,yes,southwest,9,13028,2,582,17,1,35619.42
18,male,43.01,0,no,southeast,0,9339,0,626,2,0,1000.0
59,female,36.52,1,no,southeast,12,14574,0,722,43,0,23388.7
56,male,26.695,1,yes,northwest,8,11002,1,674,40,1,21964.58
45,female,33.1,0,no,southwest,12,16217,1,694,29,0,6127.16
60,male,29.64,0,no,northeast,12,14840,2,641,44,1,11038.05
56,female,25.65,0,no,northwest,10,11682,0,747,40,0,8424.06
40,female,29.6,0,no,southwest,8,13274,1,730,24,0,5899.39
35,male,38.6,1,no,southwest,6,11996,1,696,19,0,3638.26
39,male,29.6,4,no,southwest,10,14958,2,721,23,0,6588.27
30,male,24.13,1,no,northwest,11,17129,0,780,14,0,2427.65
24,male,23.4,0,no,southwest,5,9952,1,675,8,0,1396.76
20,male,29.735,0,no,northwest,9,14596,1,669,4,0,3211.53
32,male,46.53,2,no,southeast,7,13348,0,690,16,0,3454.4
59,male,37.4,0,no,southwest,10,15256,2,701,43,1,20839.34
55,female,30.14,2,no,southeast,12,15137,0,684,39,0,10476.33
57,female,30.495,0,no,northwest,9,12567,1,668,41,0,10396.75
56,male,39.6,0,no,southwest,11,13918,0,656,40,0,8440.4
40,female,33.0,3,no,southeast,6,11847,1,631,24,0,8124.45
49,female,36.63,3,no,southeast,12,16694,0,644,33,0,6959.31
42,male,30.0,0,yes,southwest,10,14406,1,652,26,1,20794.78
62,female,38.095,2,no,northeast,11,17602,1,661,46,1,13659.58
56,male,25.935,0,no,northeast,12,14657,1,718,40,0,9752.54
19,male,25.175,0,no,northwest,7,12611,1,726,3,0,1000.0
30,female,28.38,1,yes,southeast,8,11377,1,683,14,1,17439.08
60,female,28.7,1,no,southwest,12,11635,0,695,44,0,10798.05
56,female,33.82,2,no,northwest,12,12067,0,701,40,0,9922.81
28,female,24.32,1,no,northeast,7,14134,0,673,12,0,18903.64
18,female,24.09,1,no,southeast,5,14095,1,747,2,0,1000.0
27,male,32.67,0,no,southeast,7,11007,1,733,11,0,1091.91
18,female,30.115,0,no,northeast,0,13252,0,686,2,0,1000.0
19,female,29.8,0,no,southwest,2,11494,1,683,3,0,1000.0
47,female,33.345,0,no,northeast,12,15145,0,741,31,0,19354.68
54,male,25.1,3,yes,southwest,12,17531,1,706,38,1,22291.71
61,male,28.31,1,yes,northwest,12,16210,1,722,45,1,25014.44
24,male,28.5,0,yes,northeast,9,13883,1,697,8,1,30763.73
25,male,35.625,0,no,northwest,9,12810,0,746,9,0,1000.0
21,male,36.85,0,no,southeast,12,11627,1,693,5,0,1951.65
23,male,32.56,0,no,southeast,11,13732,0,719,7,0,1075.37
63,male,41.325,3,no,northwest,12,14296,0,694,47,0,13682.61
49,male,37.51,2,no,southeast,8,11987,0,666,33,0,7928.54
18,female,31.35,0,no,southeast,2,12107,2,664,2,0,1586.97
51,female,39.5,1,no,southwest,12,14966,1,694,35,0,10777.89
48,male,34.3,3,no,southwest,9,13598,0,700,32,0,6952.43
31,female,31.065,0,no,northeast,4,11630,0,664,15,0,2358.73
54,female,21.47,3,no,northwest,10,14477,0,799,38,0,10847.06
19,male,28.7,0,no,southwest,4,13666,0,746,3,0,1000.0
44,female,38.06,0,yes,southeast,12,13086,1,673,28,1,42080.86
53,male,31.16,1,no,northwest,12,17204,0,695,37,0,8355.85
19,female,32.9,0,no,southwest,7,13647,1,694,3,0,1962.66
61,female,25.08,0,no,southeast,12,14717,0,741,45,0,19649.66
18,female,25.08,0,no,northeast,7,15034,1,640,2,0,2427.45
61,male,43.4,0,no,southwest,11,14781,0,742,45,0,10376.78
21,male,25.7,4,yes,southwest,12,16905,3,657,5,1,19562.42
20,male,27.93,0,no,northeast,9,14888,1,702,4,0,1000.0
31,female,23.6,2,no,southwest,6,12294,1,716,15,0,4796.79
45,male,28.7,2,no,southwest,10,14940,0,782,29,0,5872.82
44,female,23.98,2,no,southeast,8,11796,0,723,28,0,7490.44
62,female,39.2,0,no,southwest,9,13955,0,736,46,0,13188.22
29,male,34.4,0,yes,southwest,11,14809,2,685,13,1,35042.43
43,male,26.03,0,no,northeast,12,14601,0,686,27,0,5548.1
51,male,23.21,1,yes,southeast,7,13116,1,721,35,1,21617.21
19,male,30.25,0,yes,southeast,9,11216,2,679,3,1,30764.64
38,female,28.93,1,no,southeast,8,12897,1,661,22,0,4356.8
37,male,30.875,3,no,northwest,8,14003,0,718,21,0,4607.83
22,male,31.35,1,no,northwest,6,13742,0,705,6,0,1459.45
21,male,23.75,2,no,northwest,5,11438,0,746,5,0,1699.74
24,female,25.27,0,no,northeast,8,16192,2,705,8,0,2492.05
57,female,28.7,0,no,southwest,10,12673,0,689,41,0,8108.57
56,male,32.11,1,no,northeast,12,16408,0,729,40,0,9112.52
27,male,33.66,0,no,southeast,8,14721,1,663,11,0,2520.66
51,male,22.42,0,no,northeast,11,13436,0,622,35,0,8090.5
19,male,30.4,0,no,southwest,4,15933,0,711,3,0,1000.0
39,male,28.3,1,yes,southwest,8,11786,2,670,23,1,19092.96
58,male,35.7,0,no,southwest,12,16293,0,704,42,0,10697.73
20,male,35.31,1,no,southeast,9,16101,0,762,4,0,22466.01
45,male,30.495,2,no,northwest,8,12585,0,777,29,0,7093.22
35,female,31.0,1,no,southwest,10,16842,2,675,19,0,6406.63
31,male,30.875,0,no,northeast,11,14410,0,676,15,0,3531.28
50,female,27.36,0,no,northeast,6,13541,0,736,34,0,20992.93
32,female,44.22,0,no,southeast,10,14963,0,652,16,0,2360.37
51,female,33.915,0,no,northeast,10,14007,0,710,35,0,7649.21
38,female,37.73,0,no,southeast,11,16108,1,650,22,0,4514.1
42,male,26.07,1,yes,southeast,8,15119,1,717,26,1,34252.77
18,female,33.88,0,no,southeast,1,9057,0,668,2,0,9836.55
19,female,30.59,2,no,northwest,2,14532,0,748,3,0,18412.56
51,female,25.8,1,no,southwest,12,12009,0,700,35,0,7203.43
46,male,39.425,1,no,northeast,12,16665,0,703,30,0,5730.45
18,male,25.46,0,no,northeast,4,14845,1,665,2,0,1000.0
57,male,42.13,1,yes,southeast,12,12890,1,687,41,1,43744.99
62,female,31.73,0,no,northeast,8,12772,2,645,46,1,14279.21
59,male,29.7,2,no,southeast,12,12835,1,706,43,1,11665.65
37,male,36.19,0,no,southeast,6,12880,0,725,21,0,15900.83
64,male,40.48,0,no,southeast,12,14116,0,670,48,0,11816.61
38,male,28.025,1,no,northeast,10,15755,1,666,22,0,5633.28
33,female,38.9,3,no,southwest,6,15533,0,699,17,0,4421.12
46,female,30.2,2,no,southwest,10,16683,0,678,30,0,6648.49
46,female,28.05,1,no,southeast,12,13954,1,688,30,0,8947.52
53,male,31.35,0,no,southeast,10,13849,0,713,37,0,25609.9
34,female,38.0,3,no,southwest,12,12228,1,720,18,0,6172.41
20,female,31.79,2,no,southeast,4,11530,2,680,4,0,3455.94
63,female,36.3,0,no,southeast,12,16295,1,678,47,1,13146.61
54,female,47.41,0,yes,southeast,12,17536,1,670,38,1,56512.46
54,male,30.21,0,no,northwest,5,10592,0,709,38,0,7668.44
49,male,25.84,2,yes,northwest,9,12958,1,731,33,1,20440.32
28,male,35.435,0,no,northeast,10,14535,0,729,12,0,2063.94
54,female,46.7,2,no,southwest,11,14966,1,634,38,0,9863.86
25,female,28.595,0,no,northeast,9,12949,0,598,9,0,1552.96
43,female,46.2,0,yes,southeast,9,14776,1,619,27,1,39600.11
63,male,30.8,0,no,southwest,12,13849,1,736,47,1,10907.58
32,female,28.93,0,no,southeast,8,13895,0,710,16,0,2445.02
62,male,21.4,0,no,southwest,12,15599,0,722,46,0,9733.44
52,female,31.73,2,no,northwest,12,14831,0,744,36,0,9814.29
25,female,41.325,0,no,northeast,9,13583,0,670,9,0,13987.51
28,male,23.8,2,no,southwest,7,13494,0,653,12,0,2506.84
46,male,33.44,1,no,northeast,9,13860,0,645,30,0,5645.44
34,male,34.21,0,no,southeast,8,13261,0,710,18,0,2438.58
35,female,34.105,3,yes,northwest,10,14035,1,681,19,1,34510.77
19,male,35.53,0,no,northwest,6,16233,0,742,3,0,1000.0
46,female,19.95,2,no,northwest,12,15864,1,700,30,0,7532.86
54,female,32.68,0,no,northeast,12,14288,0,689,38,0,9579.45
27,male,30.5,0,no,southwest,11,16080,0,676,11,0,1567.66
50,male,44.77,1,no,southeast,11,13983,1,633,34,0,7179.54
18,female,32.12,2,no,southeast,10,16724,0,635,2,0,1283.27
19,female,30.495,0,no,northwest,6,14143,1,681,3,0,1000.0
38,female,40.565,1,no,northwest,4,12448,1,662,22,0,6045.43
41,male,30.59,2,no,northwest,7,14246,1,689,25,0,7303.42
49,female,31.9,5,no,southwest,6,10395,1,766,33,0,8412.13
48,male,40.565,2,yes,northwest,10,12364,1,728,32,1,41641.85
31,female,29.1,0,no,southwest,9,12205,1,672,15,0,2493.2
18,female,37.29,1,no,southeast,12,15573,0,615,2,0,1000.0
30,female,43.12,2,no,southeast,9,17195,1,653,14,0,4213.3
62,female,36.86,1,no,northeast,12,18463,0,701,46,0,29009.95
57,female,34.295,2,no,northeast,12,15830,0,665,41,0,10023.19
58,female,27.17,0,no,northwest,6,13781,1,676,42,0,11333.88
22,male,26.84,0,no,southeast,8,11008,0,773,6,0,1000.0
31,female,38.095,1,yes,northeast,11,13912,2,651,15,1,52779.43
52,male,30.2,1,no,southwest,7,11981,1,719,36,0,8315.69
25,female,23.465,0,no,northeast,11,13870,0,695,9,0,1755.4
59,male,25.46,1,no,northeast,12,14429,1,708,43,1,9069.51
19,male,30.59,0,no,northwest,6,12712,0,694,3,0,1000.0
39,male,45.43,2,no,southeast,12,11650,0,638,23,0,2901.44
32,female,23.65,1,no,southeast,12,16391,1,755,16,1,15587.27
19,male,20.7,0,no,southwest,7,11991,0,687,3,0,1000.0
33,female,28.27,1,no,southeast,10,14912,0,724,17,0,4967.91
21,male,20.235,3,no,northeast,6,17011,0,725,5,0,1483.34
34,female,30.21,1,yes,northwest,7,12027,1,710,18,1,37824.83
61,female,35.91,0,no,northeast,12,10384,2,654,45,1,14691.57
38,female,30.69,1,no,southeast,7,13044,0,736,22,0,4544.79
58,female,29.0,0,no,southwest,12,16602,0,678,42,0,9204.1
47,male,19.57,1,no,northwest,10,17624,0,780,31,0,5541.1
20,male,31.13,2,no,southeast,8,12010,1,692,4,0,1368.17
21,female,21.85,1,yes,northeast,8,14929,1,674,5,1,13271.07
41,male,40.26,0,no,southeast,12,14194,1,689,25,0,5475.71
46,female,33.725,1,no,northeast,9,13830,1,678,30,0,7263.17
42,female,29.48,2,no,southeast,9,18565,2,626,26,0,7567.66
34,female,33.25,1,no,northeast,6,10735,1,698,18,0,5128.51
43,male,32.6,2,no,southwest,9,14486,0,735,27,0,3923.18
52,female,37.525,2,no,northwest,12,15615,0,730,36,0,28616.43
18,female,39.16,0,no,southeast,9,16276,0,667,2,0,1000.0
51,male,31.635,0,no,northwest,9,14102,0,708,35,0,6995.29
56,female,25.3,0,no,southwest,12,15284,0,724,40,0,7066.02
64,female,39.05,3,no,southeast,12,13974,0,733,48,0,14098.62
19,female,28.31,0,yes,northwest,8,14573,1,673,3,1,14299.91
51,female,34.1,0,no,southeast,12,14252,0,679,35,0,5742.89
27,female,25.175,0,no,northeast,6,14452,1,681,11,0,2442.51
59,female,23.655,0,yes,northwest,9,13187,1,664,43,1,24523.9
28,male,26.98,2,no,northeast,3,13121,0,726,12,0,2708.66
30,male,37.8,2,yes,southwest,12,15100,1,729,14,1,33520.22
47,female,29.37,1,no,southeast,12,16809,1,691,31,0,6531.11
38,female,34.8,2,no,southwest,10,14343,0,663,22,0,4419.35
18,female,33.155,0,no,northeast,8,11116,1,693,2,0,3702.45
34,female,19.0,3,no,northeast,6,15435,0,762,18,0,3456.68
20,female,33.0,0,no,southeast,12,13760,0,694,4,0,1000.0
47,female,36.63,1,yes,southeast,11,13484,2,713,31,1,41043.55
56,female,28.595,0,no,northeast,12,13747,0,684,40,0,9635.72
49,male,25.6,2,yes,southwest,12,17202,1,699,33,1,21946.59
19,female,33.11,0,yes,southeast,8,10484,1,697,3,1,30030.48
55,female,37.1,0,no,southwest,12,20109,0,700,39,0,8470.81
30,male,31.4,1,no,southwest,6,15145,0,705,14,0,2872.48
37,male,34.1,4,yes,southwest,11,15125,1,639,21,1,36151.66
49,female,21.3,1,no,southwest,12,14772,2,792,33,0,10118.7
18,male,33.535,0,yes,northeast,11,15515,2,665,2,1,32644.6
59,male,28.785,0,no,northwest,12,15601,0,716,43,0,8852.99
29,female,26.03,0,no,northwest,7,14762,1,729,13,0,2856.13
36,male,28.88,3,no,northeast,6,14205,1,677,20,0,6535.98
33,male,42.46,1,no,southeast,9,14357,1,661,17,0,10678.52
58,male,38.0,0,no,southwest,12,14395,2,636,42,0,11505.13
44,female,38.95,0,yes,northwest,12,14683,2,672,28,1,38186.57
53,male,36.1,1,no,southwest,7,12974,0,680,37,0,6015.87
24,male,29.3,0,no,southwest,12,17167,0,720,8,0,1000.0
29,female,35.53,0,no,southeast,8,14974,0,655,13,0,1285.6
40,male,22.705,2,no,northeast,9,9101,2,677,24,0,7050.62
51,male,39.7,1,no,southwest,9,15050,2,607,35,0,8268.34
64,male,38.19,0,no,northeast,9,14071,1,647,48,1,13814.1
19,female,24.51,1,no,northwest,9,14383,1,622,3,0,1299.81
35,female,38.095,2,no,northeast,9,13515,0,673,19,0,19936.04
39,male,26.41,0,yes,northeast,6,15126,1,688,23,1,17759.8
56,male,33.66,4,no,southeast,9,15471,1,690,40,1,12325.75
33,male,42.4,5,no,southwest,8,12591,0,672,17,0,6512.99
42,male,28.31,3,yes,northwest,12,15662,1,745,26,1,29918.0
61,male,33.915,0,no,northeast,12,13033,1,775,45,1,13046.33
23,female,34.96,3,no,northwest,3,10210,0,733,7,0,1000.0
43,male,35.31,2,no,southeast,10,13290,0,676,27,0,17691.3
48,male,30.78,3,no,northeast,10,15746,0,688,32,0,6237.69
39,male,26.22,1,no,northwest,2,13635,2,726,23,0,5249.76
40,female,23.37,3,no,northeast,10,15272,0,669,24,0,6774.64
18,male,28.5,0,no,northeast,6,14763,1,689,2,0,1000.0
58,female,32.965,0,no,northeast,12,15608,1,679,42,1,10436.51
49,female,42.68,2,no,southeast,12,13774,1,678,33,0,7929.47
53,female,39.6,1,no,southeast,12,15539,0,701,37,0,8159.54
48,female,31.13,0,no,southeast,10,15641,1,667,32,0,8680.99
45,female,36.3,2,no,southeast,7,14707,0,675,29,0,6259.92
59,female,35.2,0,no,southeast,12,16736,0,708,43,0,9499.32
52,female,25.3,2,yes,southeast,12,16024,2,670,36,1,20814.79
26,female,42.4,1,no,southwest,8,14607,0,713,10,0,2030.37
27,male,33.155,2,no,northwest,8,15814,0,720,11,0,2883.86
48,female,35.91,1,no,northeast,12,14835,0,696,32,0,21155.02
57,female,28.785,4,no,northeast,12,13246,1,713,41,1,12875.68
37,male,46.53,3,no,southeast,8,13568,0,642,21,0,4719.77
57,female,23.98,1,no,southeast,11,13179,1,692,41,1,20800.33
32,female,31.54,1,no,northeast,9,13072,0,689,16,0,2679.41
18,male,33.66,0,no,southeast,5,12984,0,715,2,0,1000.0
64,female,22.99,0,yes,southeast,11,12993,1,724,48,1,23786.28
43,male,38.06,2,yes,southeast,11,14131,1,657,27,1,39524.38
49,male,28.7,1,no,southwest,11,11346,0,738,33,0,7493.57
40,female,32.775,2,yes,northwest,12,15363,1,682,24,1,36057.79
62,male,32.015,0,yes,northeast,5,12572,1,666,46,1,41583.99
40,female,29.81,1,no,southeast,12,13611,0,717,24,0,2587.39
30,male,31.57,3,no,southeast,12,16271,0,668,14,0,4082.31
29,female,31.16,0,no,northeast,2,13759,0,645,13,0,1000.0
36,male,29.7,0,no,southeast,8,11127,1,697,20,0,5239.08
41,female,31.02,0,no,southeast,9,12788,0,682,25,0,3327.97
44,female,43.89,2,yes,southeast,6,11832,1,645,28,1,40488.4
45,male,21.375,0,no,northwest,8,12127,0,700,29,0,5586.69
55,female,40.81,3,no,southeast,9,15285,0,718,39,0,10441.28
60,male,31.35,3,yes,northwest,12,14370,1,669,44,1,41228.77
56,male,36.1,3,no,southwest,12,14310,1,663,40,0,11592.46
49,female,23.18,2,no,northwest,12,11458,1,730,33,0,9516.95
21,female,17.4,1,no,southwest,9,15465,0,698,5,0,1351.55
19,male,20.3,0,no,southwest,3,10508,0,686,3,0,1000.0
39,male,35.3,2,yes,southwest,8,13917,1,693,23,1,36249.19
53,male,24.32,0,no,northwest,12,15277,0,709,37,0,9035.86
33,female,18.5,1,no,southwest,5,15318,1,699,17,0,2614.48
53,male,26.41,2,no,northeast,12,12580,2,716,37,0,10435.89
42,male,26.125,2,no,northeast,10,9237,0,691,26,0,5758.21
40,male,41.69,0,no,southeast,9,14413,0,663,24,0,2720.27
47,female,24.1,1,no,southwest,12,17956,0,694,31,0,20927.86
27,male,31.13,1,yes,southeast,9,16401,1,703,11,1,32065.63
21,male,27.36,0,no,northeast,6,13841,0,763,5,0,1000.0
47,male,36.2,1,no,southwest,12,14059,0,624,31,0,6047.22
20,male,32.395,1,no,northwest,4,14272,0,705,4,0,1034.06
24,male,23.655,0,no,northwest,9,12685,3,721,8,0,4259.7
27,female,34.8,1,no,southwest,10,15405,0,679,11,0,1684.67
26,female,40.185,0,no,northwest,7,14569,0,638,10,0,1000.0
53,female,32.3,2,no,northeast,12,16607,0,716,37,0,25449.32
41,male,35.75,1,yes,southeast,6,17876,1,714,25,1,34824.73
56,male,33.725,0,no,northwest,12,15427,1,716,40,0,10089.96
23,female,39.27,2,no,southeast,7,12890,0,693,7,0,1793.38
21,female,34.87,0,no,southeast,6,13442,0,697,5,0,1000.0
50,female,44.745,0,no,northeast,12,11843,0,632,34,0,7135.24
53,male,41.47,0,no,southeast,10,13024,0,704,37,0,9123.39
34,female,26.41,1,no,northwest,5,12294,0,747,18,0,3353.19
47,female,29.545,1,no,northwest,6,12204,0,670,31,0,6287.0
33,female,32.9,2,no,southwest,11,15064,0,712,17,0,3874.38
51,female,38.06,0,yes,southeast,8,12237,2,683,35,1,40094.35
49,male,28.69,3,no,northwest,12,16771,1,731,33,0,8817.32
31,female,30.495,3,no,northeast,2,12135,0,704,15,0,5712.64
36,female,27.74,0,no,northeast,12,15044,0,685,20,0,3196.46
18,male,35.2,1,no,southeast,7,13273,0,675,2,0,1000.0
50,female,23.54,2,no,southeast,11,14814,0,692,34,0,7545.0
43,female,30.685,2,no,northwest,9,15458,1,692,27,0,6333.08
20,male,40.47,0,no,northeast,8,12626,0,668,4,0,1000.0
24,female,22.6,0,no,southwest,7,12621,0,805,8,0,1000.0
60,male,28.9,0,no,southwest,12,14184,1,731,44,0,11679.2
49,female,22.61,1,no,northwest,12,12577,0,764,33,0,8067.81
60,male,24.32,1,no,northwest,12,13307,0,742,44,0,11405.98
51,female,36.67,2,no,northwest,11,13725,2,651,35,0,10118.94
58,female,33.44,0,no,northwest,12,16216,2,664,42,0,12813.32
51,female,40.66,0,no,northeast,12,15281,0,670,35,0,8496.86
53,male,36.6,3,no,southwest,7,13634,0,695,37,0,7729.13
62,male,37.4,0,no,southwest,9,15217,1,687,46,1,11198.67
19,male,35.4,0,no,southwest,9,14181,1,680,3,0,1000.0
50,female,27.075,1,no,northeast,12,15514,1,695,34,0,9733.18
30,female,39.05,3,yes,southeast,8,13775,1,648,14,1,37273.71
41,male,28.405,1,no,northwest,10,14836,2,640,25,0,8415.54
29,female,21.755,1,yes,northeast,9,13274,1,766,13,1,14353.03
18,female,40.28,0,no,northeast,5,9084,1,742,2,0,1701.16
41,female,36.08,1,no,southeast,8,13557,0,732,25,0,5476.18
35,male,24.42,3,yes,southeast,10,16894,1,669,19,1,16690.3
53,male,21.4,1,no,southwest,9,15480,0,761,37,0,6725.5
24,female,30.1,3,no,southwest,9,15981,0,744,8,0,1693.84
48,female,27.265,1,no,northeast,6,15181,1,690,32,0,7728.16
59,female,32.1,3,no,southwest,12,14866,1,707,43,1,11822.0
49,female,34.77,1,no,northwest,12,15200,0,678,33,0,6999.66
37,female,38.39,0,yes,southeast,10,13395,1,724,21,1,36947.94
26,male,23.7,2,no,southwest,11,14373,4,692,10,0,6308.19
23,male,31.73,3,yes,northeast,12,16302,1,659,7,1,32989.22
29,male,35.5,2,yes,southwest,11,16912,2,691,13,1,40693.27
45,male,24.035,2,no,northeast,5,12588,0,763,29,0,5325.31
27,male,29.15,0,yes,southeast,4,12030,1,705,11,1,16003.85
53,male,34.105,0,yes,northeast,10,14206,1,700,37,1,38892.43
31,female,26.62,0,no,southeast,9,15257,0,716,15,0,2699.25
50,male,26.41,0,no,northwest,12,12395,0,679,34,0,8098.92
50,female,30.115,1,no,northwest,9,10046,0,702,34,0,6956.05
34,male,27.0,2,no,southwest,10,13554,0,735,18,0,9984.13
19,male,21.755,0,no,northwest,5,11140,0,728,3,0,1000.0
47,female,36.0,1,no,southwest,9,13131,0,718,31,0,8178.62
28,male,30.875,0,no,northwest,4,12529,1,680,12,0,1448.58
37,female,26.4,0,yes,southeast,7,12774,1,695,21,1,17816.89
21,male,28.975,0,no,northwest,3,15054,1,728,5,0,1000.0
64,male,37.905,0,no,northwest,11,14895,0,692,48,0,11511.6
58,female,22.77,0,no,southeast,12,15241,1,703,42,0,12052.56
24,male,33.63,4,no,northeast,5,14198,1,721,8,1,14041.65
31,male,27.645,2,no,northeast,12,13199,1,679,15,0,6594.91
39,female,22.8,3,no,northeast,11,16481,0,704,23,0,6005.49
47,female,27.83,0,yes,southeast,12,14766,1,603,31,1,21948.02
30,male,37.43,3,no,northeast,6,14490,0,666,14,0,3760.51
18,male,38.17,0,yes,southeast,9,12608,1,717,2,1,32802.35
22,female,34.58,2,no,northeast,6,10829,0,622,6,0,1000.0
23,male,35.2,1,no,southwest,8,15445,0,659,7,0,1000.0
33,male,27.1,1,yes,southwest,12,15745,1,720,17,1,18173.17
27,male,26.03,0,no,northeast,8,12462,0,641,11,0,1210.84
45,female,25.175,2,no,northeast,12,13447,0,705,29,0,7215.51
57,female,31.825,0,no,northwest,10,16058,1,730,41,0,9025.68
47,male,32.3,1,no,southwest,11,12573,0,773,31,0,5388.67
42,female,29.0,1,no,southwest,12,17763,1,709,26,0,7349.31
64,female,39.7,0,no,southwest,12,13109,0,646,48,0,10814.76
38,female,19.475,2,no,northwest,12,16115,0,706,22,0,5787.29
61,male,36.1,3,no,southwest,12,14126,1,683,45,1,25378.16
53,female,26.7,2,no,southwest,10,15230,0,728,37,0,8489.34
44,female,36.48,0,no,northeast,12,14015,0,754,28,0,10023.56
19,female,28.88,0,yes,northwest,10,14438,2,721,3,1,16418.73
41,male,34.2,2,no,northwest,12,15055,0,698,25,0,5099.79
51,male,33.33,3,no,southeast,7,11631,1,674,35,0,10014.21
40,male,32.3,2,no,northwest,8,15059,1,795,24,0,5294.19
45,male,39.805,0,no,northeast,10,13453,1,689,29,0,8213.39
35,male,34.32,3,no,southeast,9,13786,2,648,19,0,6631.52
53,male,28.88,0,no,northwest,12,13115,0,703,37,0,7275.19
30,male,24.4,3,yes,southwest,9,9894,1,682,14,1,17128.32
18,male,41.14,0,no,southeast,3,12305,0,590,2,0,1000.0
51,male,35.97,1,no,southeast,12,18936,0,701,35,0,5875.79
50,female,27.6,1,yes,southwest,12,16184,1,766,34,1,20959.21
31,female,29.26,1,no,southeast,10,14502,0,653,15,0,2702.58
35,female,27.7,3,no,southwest,12,14628,0,717,19,0,3216.51
60,male,36.955,0,no,northeast,12,14738,0,662,44,0,12382.53
21,male,36.86,0,no,northwest,9,15315,1,694,5,0,2248.6
29,male,22.515,3,no,northeast,8,11958,0,724,13,0,3184.62
62,female,29.92,0,no,southeast,8,15364,0,661,46,0,10500.73
39,female,41.8,0,no,southeast,11,15931,0,638,23,0,3577.31
19,male,27.6,0,no,southwest,7,15036,0,686,3,0,1000.0
22,female,23.18,0,no,northeast,8,14815,0,776,6,0,1000.0
53,male,20.9,0,yes,southeast,8,13638,1,769,37,1,20260.24
39,female,31.92,2,no,northwest,7,14659,1,679,23,0,7562.78
27,male,28.5,0,yes,northwest,11,15901,2,731,11,1,16903.47
30,male,44.22,2,no,southeast,8,13348,2,635,14,0,5631.75
30,female,22.895,1,no,northeast,11,13875,0,718,14,0,3484.35
58,female,33.1,0,no,southwest,12,14903,1,689,42,0,11278.19
33,male,24.795,0,yes,northeast,9,16838,1,722,17,1,14530.41
42,female,26.18,1,no,southeast,12,12864,1,688,26,0,4770.69
64,female,35.97,0,no,southeast,12,12145,3,655,48,1,16301.8
21,male,22.3,1,no,southwest,7,14065,1,747,5,0,1000.0
18,female,42.24,0,yes,southeast,5,13317,1,664,2,1,34313.04
23,male,26.51,0,no,southeast,6,13750,1,708,7,0,1000.0
45,female,35.815,0,no,northwest,10,14740,0,708,29,0,5270.54
40,female,41.42,1,no,northwest,11,14321,0,697,24,0,24756.07
19,female,36.575,0,no,northwest,5,15748,1,674,3,0,1000.0
18,male,30.14,0,no,southeast,10,12008,1,679,2,0,1287.52
25,male,25.84,1,no,northeast,5,11717,1,715,9,0,2485.85
46,female,30.8,3,no,southwest,10,14134,0,650,30,0,9262.29
33,female,42.94,3,no,northwest,8,11112,0,662,17,0,3172.03
54,male,21.01,2,no,southeast,12,14491,0,648,38,0,9014.68
28,male,22.515,2,no,northeast,9,17104,2,648,12,0,5395.21
36,male,34.43,2,no,southeast,12,15096,0,631,20,0,3922.11
20,female,31.46,0,no,southeast,3,12992,1,728,4,0,1000.0
24,female,24.225,0,no,northwest,8,11898,2,702,8,0,4463.88
23,male,37.1,3,no,southwest,10,13607,0,643,7,0,2462.08
47,female,26.125,1,yes,northeast,11,13957,2,713,31,1,20916.97
33,female,35.53,0,yes,northwest,12,14565,1,714,17,1,49994.66
45,male,33.7,1,no,southwest,9,16204,0,715,29,0,6852.74
26,male,17.67,0,no,northwest,12,16158,0,738,10,0,1186.17
18,female,31.13,0,no,southeast,12,13441,0,713,2,0,1000.0
44,female,29.81,2,no,southeast,10,14759,0,740,28,0,7438.49
60,male,24.32,0,no,northwest,12,15547,1,697,44,1,10426.9
64,female,31.825,2,no,northeast,12,16578,0,704,48,0,14924.97
56,male,31.79,2,yes,southeast,12,17447,1,682,40,1,40382.1
36,male,28.025,1,yes,northeast,8,12134,1,645,20,1,17709.47
41,male,30.78,3,yes,northeast,9,12707,1,726,25,1,34723.22
39,male,21.85,1,no,northwest,9,11977,2,780,23,0,5658.41
63,male,33.1,0,no,southwest,9,13357,2,644,47,1,11437.17
36,female,25.84,0,no,northwest,7,14353,0,754,20,0,3307.15
28,female,23.845,2,no,northwest,5,14758,1,685,12,0,2926.71
58,male,34.39,0,no,northwest,10,14001,0,699,42,0,9589.44
36,male,33.82,1,no,northwest,9,13616,0,749,20,0,2195.86
42,male,35.97,2,no,southeast,11,14928,0,672,26,0,6194.01
36,male,31.5,0,no,southwest,12,13640,0,703,20,0,3536.87
56,female,28.31,0,no,northeast,9,17412,0,650,40,0,8671.66
35,female,23.465,2,no,northeast,12,12342,0,704,19,0,4993.75
59,female,31.35,0,no,northwest,12,15029,2,613,43,1,12815.59
21,male,31.1,0,no,southwest,7,17225,2,696,5,0,3414.75
59,male,24.7,0,no,northeast,12,14727,0,753,43,0,8923.31
23,female,32.78,2,yes,southeast,4,12532,3,656,7,1,33953.84
57,female,29.81,0,yes,southeast,12,14137,1,707,41,1,24202.91
53,male,30.495,0,no,northeast,12,14498,0,695,37,0,8040.19
60,female,32.45,0,yes,southeast,12,17034,2,703,44,1,42099.01
51,female,34.2,1,no,southwest,12,11075,0,700,35,0,7218.8
23,male,50.38,1,no,southeast,12,17862,0,577,7,0,1155.55
27,female,24.1,0,no,southwest,6,10974,2,735,11,0,4051.15
55,male,32.775,0,no,northwest,11,14022,1,674,39,0,10776.06
37,female,30.78,0,yes,northeast,8,13115,2,637,21,1,34956.3
61,male,32.3,2,no,northwest,11,15386,2,662,45,1,13732.49
46,female,35.53,0,yes,northeast,9,11293,2,601,30,1,38852.71
53,female,23.75,2,no,northeast,12,15591,1,671,37,0,11157.03
49,female,23.845,3,yes,northeast,12,18306,2,707,33,1,23000.21
20,female,29.6,0,no,southwest,5,10883,1,705,4,0,1000.0
48,female,33.11,0,yes,southeast,9,14303,1,697,32,1,37165.9
25,male,24.13,0,yes,northwest,9,13200,2,702,9,1,14320.67
25,female,32.23,1,no,southeast,6,14149,1,665,9,1,14736.1
57,male,28.1,0,no,southwest,12,14778,0,712,41,0,7251.39
37,female,47.6,2,yes,southwest,10,13354,2,616,21,1,42509.67
38,female,28.0,3,no,southwest,5,13759,0,657,22,0,3975.11
55,female,33.535,2,no,northwest,12,17842,1,658,39,0,9094.99
36,female,19.855,0,no,northeast,12,14735,0,770,20,0,3299.63
51,male,25.4,0,no,southwest,10,15459,0,777,35,0,5981.71
40,male,29.9,2,no,southwest,9,11901,2,707,24,0,6649.41
18,male,37.29,0,no,southeast,8,12504,0,740,2,0,1000.0
57,male,43.7,1,no,southwest,12,15548,1,658,41,0,12210.91
61,male,23.655,0,no,northeast,12,17208,1,776,45,1,12074.25
25,female,24.3,3,no,southwest,12,15830,2,773,9,0,4403.83
50,male,36.2,0,no,southwest,11,14018,0,629,34,0,6602.77
26,female,29.48,1,no,southeast,6,13409,1,705,10,0,3821.31
42,male,24.86,0,no,southeast,6,11044,2,702,26,0,6835.16
43,male,30.1,1,no,southwest,8,14783,0,693,27,0,3508.53
44,male,21.85,3,no,northeast,11,16140,0,750,28,0,5810.16
23,female,28.12,0,no,northwest,12,14486,1,703,7,0,1728.44
49,female,27.1,1,no,southwest,10,13466,1,679,33,1,23043.59
33,male,33.44,5,no,southeast,10,14957,0,697,17,0,4211.53
41,male,28.8,1,no,southwest,10,13643,0,754,25,0,4272.62
37,female,29.5,2,no,southwest,12,14933,0,716,21,0,5214.91
22,male,34.8,3,no,southwest,12,18840,1,704,6,0,3919.15
23,male,27.36,1,no,northwest,6,13035,0,706,7,0,1000.0
21,female,22.135,0,no,northeast,6,12876,0,747,5,0,1000.0
51,female,37.05,3,yes,northeast,12,13734,1,633,35,1,40914.23
25,male,26.695,4,no,northwest,10,15890,0,700,9,0,2672.39
32,male,28.93,1,yes,southeast,12,14812,2,684,16,1,17795.19
57,male,28.975,0,yes,northeast,12,13641,1,654,41,1,25681.37
36,female,30.02,0,no,northwest,8,16106,0,679,20,0,2326.37
22,male,39.5,0,no,southwest,9,16783,1,678,6,0,1900.69
57,male,33.63,1,no,northwest,12,13724,0,702,41,0,8150.93
64,female,26.885,0,yes,northwest,12,11467,2,722,48,1,28043.37
36,female,29.04,4,no,southeast,11,16473,0,690,20,0,5259.09
54,male,24.035,0,no,northeast,12,13626,0,728,38,0,9577.9
47,male,38.94,2,yes,southeast,12,16239,2,634,31,1,40081.98
62,male,32.11,0,no,northeast,12,11321,1,714,46,1,11669.8
61,female,44.0,0,no,southwest,12,16202,0,708,45,0,10320.11
43,female,20.045,2,yes,northeast,10,12296,1,743,27,1,17402.0
19,male,25.555,1,no,northwest,7,15057,0,758,3,0,1000.0
18,female,40.26,0,no,southeast,10,14754,1,666,2,0,1129.11
19,female,22.515,0,no,northwest,4,11293,0,759,3,0,1000.0
49,male,22.515,0,no,northeast,12,14173,0,733,33,0,4776.91
60,male,40.92,0,yes,southeast,12,15867,2,615,44,1,46075.2
26,male,27.265,3,no,northeast,8,14190,1,713,10,0,6411.18
49,male,36.85,0,no,southeast,12,15859,0,653,33,0,6642.65
60,female,35.1,0,no,southwest,12,18060,0,775,44,0,9052.95
26,female,29.355,2,no,northeast,8,11351,0,698,10,0,1762.69
27,male,32.585,3,no,northeast,4,15544,0,723,11,0,3085.08
44,female,32.34,1,no,southeast,12,15117,0,701,28,0,6134.27
63,male,39.8,3,no,southwest,12,13127,2,611,47,1,14784.2
32,female,24.6,0,yes,southwest,12,12858,1,646,16,1,16606.74
22,male,28.31,1,no,northwest,6,13148,0,739,6,0,1000.0
18,male,31.73,0,yes,northeast,7,15397,1,745,2,1,30498.07
59,female,26.695,3,no,northwest,12,14498,2,668,43,1,14374.42
44,female,27.5,1,no,southwest,12,17509,0,658,28,0,5013.94
33,male,24.605,2,no,northwest,9,11738,0,713,17,0,2067.77
24,female,33.99,0,no,southeast,8,14019,0,663,8,0,1026.2
43,female,26.885,0,yes,northwest,12,12826,1,683,27,1,20934.4
45,male,22.895,0,yes,northeast,11,15243,2,727,29,1,32311.15
61,female,28.2,0,no,southwest,12,16193,0,712,45,0,9854.31
35,female,34.21,1,no,southeast,10,13760,0,666,19,0,3744.86
62,female,25.0,0,no,southwest,12,10243,1,732,46,1,13668.79
62,female,33.2,0,no,southwest,10,14408,0,722,46,0,11188.44
38,male,31.0,1,no,southwest,10,15172,0,693,22,0,4195.9
34,male,35.815,0,no,northwest,7,14277,0,695,18,0,3498.89
43,male,23.2,0,no,southwest,12,17056,0,747,27,0,4829.69
50,male,32.11,2,no,northeast,7,11529,1,705,34,1,21677.13
19,female,23.4,2,no,southwest,5,14371,0,729,3,0,1000.0
57,female,20.1,1,no,southwest,12,16772,1,776,41,0,9791.61
62,female,39.16,0,no,southeast,12,11646,2,677,46,1,12318.47
41,male,34.21,1,no,southeast,10,14928,1,668,25,0,6200.16
26,male,46.53,1,no,southeast,6,12553,1,631,10,0,3069.87
39,female,32.5,1,no,southwest,12,14876,2,657,23,0,7021.48
46,male,25.8,5,no,southwest,7,14001,0,743,30,0,6311.45
45,female,35.3,0,no,southwest,4,11697,2,646,29,0,8823.27
32,male,37.18,2,no,southeast,10,13371,1,660,16,0,3801.46
59,female,27.5,0,no,southwest,11,14473,0,753,43,0,10229.58
44,male,29.735,2,no,northeast,8,11892,0,716,28,0,27474.19
39,female,24.225,5,no,northwest,12,13169,0,767,23,0,6976.01
18,male,26.18,2,no,southeast,7,14985,1,735,2,0,2074.97
53,male,29.48,0,no,southeast,10,12252,1,656,37,0,7894.46
18,male,23.21,0,no,southeast,3,13763,0,725,2,0,1000.0
50,female,46.09,1,no,southeast,12,15636,0,694,34,0,6111.05
18,female,40.185,0,no,northeast,9,11496,0,635,2,0,1000.0
19,male,22.61,0,no,northwest,7,12663,0,745,3,0,1000.0
62,male,39.93,0,no,southeast,12,16700,0,677,46,0,11204.59
56,female,35.8,1,no,southwest,9,12192,0,629,40,0,11671.07
42,male,35.8,2,no,southwest,6,12381,0,695,26,0,4930.6
37,male,34.2,1,yes,northeast,7,14331,1,654,21,1,36405.94
42,male,31.255,0,no,northwest,10,15702,0,663,26,0,2912.17
25,male,29.7,3,yes,southwest,8,13597,3,673,9,1,18628.95
57,male,18.335,0,no,northeast,12,13729,0,675,41,0,10182.36
51,male,42.9,2,yes,southeast,12,17253,1,634,35,1,41368.27
30,female,28.405,1,no,northwest,5,16006,1,790,14,0,3051.83
44,male,30.2,2,yes,southwest,12,16604,1,718,28,1,36115.18
34,male,27.835,1,yes,northwest,9,14335,1,672,18,1,18308.72
31,male,39.49,1,no,southeast,12,13761,0,729,15,0,2331.15
54,male,30.8,1,yes,southeast,12,13378,1,659,38,1,37538.37
24,male,26.79,1,no,northwest,9,15228,1,686,8,1,11337.9
43,male,34.96,1,yes,northeast,12,15666,2,629,27,1,38783.32
48,male,36.67,1,no,northwest,12,17263,0,697,32,0,23956.22
19,female,39.615,1,no,northwest,9,15521,1,715,3,0,2511.66
29,female,25.9,0,no,southwest,12,12610,1,673,13,0,4089.54
63,female,35.2,1,no,southeast,12,16443,0,620,47,0,11986.98
46,male,24.795,3,no,northeast,12,13213,1,750,30,0,8481.83
52,male,36.765,2,no,northwest,12,14167,1,730,36,1,24185.79
35,male,27.1,1,no,southwest,12,15500,1,635,19,0,4982.91
51,male,24.795,2,yes,northwest,10,17628,1,728,35,1,22127.25
44,male,25.365,1,no,northwest,12,20227,3,694,28,0,8091.29
21,male,25.745,2,no,northeast,7,14816,1,681,5,0,2127.85
39,female,34.32,5,no,southeast,6,12904,0,646,23,0,5866.45
50,female,28.16,3,no,southeast,12,15759,0,748,34,0,7594.86
34,female,23.56,0,no,northeast,7,15099,0,734,18,0,1267.57
22,female,20.235,0,no,northwest,10,14125,0,746,6,0,1000.0
19,female,40.5,0,no,southwest,5,16267,0,655,3,0,1119.31
26,male,35.42,0,no,southeast,7,14101,0,664,10,0,1000.0
29,male,22.895,0,yes,northeast,3,13311,2,619,13,1,16532.74
48,male,40.15,0,no,southeast,10,15412,0,670,32,0,6529.21
26,male,29.15,1,no,southeast,1,12627,0,761,10,0,1000.0
45,female,39.995,3,no,northeast,6,14551,1,635,29,0,8993.98
36,female,29.92,0,no,southeast,12,14011,1,643,20,0,4973.75
54,male,25.46,1,no,northeast,12,13841,0,737,38,0,20782.81
34,male,21.375,0,no,northeast,10,12620,0,756,18,0,2618.83
31,male,25.9,3,yes,southwest,6,14082,1,688,15,1,15944.09
27,female,30.59,1,no,northeast,8,15319,0,694,11,0,14303.49
20,male,30.115,5,no,northeast,7,14578,0,717,4,0,2223.86
44,female,25.8,1,no,southwest,7,16287,0,715,28,0,5225.2
43,male,30.115,3,no,northwest,12,14945,2,719,27,0,8506.22
45,female,27.645,1,no,northwest,12,16062,0,800,29,0,24235.59
34,male,34.675,0,no,northeast,8,12034,0,634,18,0,4341.24
24,female,20.52,0,yes,northeast,8,13382,1,767,8,1,12376.84
26,female,19.8,1,no,southwest,9,15492,1,730,10,0,3812.15
38,female,27.835,2,no,northeast,4,14073,1,751,22,0,6049.37
50,female,31.6,2,no,southwest,11,14050,1,717,34,0,10267.14
38,male,28.27,1,no,southeast,8,13708,1,703,22,0,4302.43
27,female,20.045,3,yes,northwest,5,10515,2,740,11,1,15809.97
39,female,23.275,3,no,northeast,9,13508,0,714,23,0,5757.49
39,female,34.1,3,no,southwest,12,16529,3,633,23,0,6407.22
63,female,36.85,0,no,southeast,12,15633,1,704,47,1,11526.31
33,female,36.29,3,no,northeast,7,14456,0,660,17,0,5035.71
36,female,26.885,0,no,northwest,11,14845,0,740,20,0,3920.67
30,male,22.99,2,yes,northwest,12,15162,2,706,14,1,15562.11
24,male,32.7,0,yes,southwest,10,13517,1,606,8,1,31355.89
24,male,25.8,0,no,southwest,8,15228,0,700,8,0,1000.0
48,male,29.6,0,no,southwest,9,14696,1,709,32,1,18815.77
47,male,19.19,1,no,northeast,12,15731,0,726,31,0,7262.72
29,male,31.73,2,no,northwest,10,13671,0,614,13,0,3531.35
28,male,29.26,2,no,northeast,11,11219,0,756,12,0,2629.81
47,male,28.215,3,yes,northwest,12,16760,1,707,31,1,21962.96
25,male,24.985,2,no,northeast,11,14111,1,727,9,1,21709.61
51,male,27.74,1,no,northeast,10,12768,1,686,35,0,9270.8
48,female,22.8,0,no,southwest,12,16059,1,736,32,0,6110.85
43,male,20.13,2,yes,southeast,11,13989,1,790,27,1,16754.77
61,female,33.33,4,no,southeast,12,16487,1,660,45,1,32026.33
48,male,32.3,1,no,northwest,9,15029,0,759,32,0,5508.61
38,female,27.6,0,no,southwest,12,16192,1,717,22,0,4227.46
59,male,25.46,0,no,northwest,12,12393,1,679,43,0,11035.88
19,female,24.605,1,no,northwest,5,15275,1,790,3,0,1930.36
26,female,34.2,2,no,southwest,6,13854,0,709,10,0,1604.09
54,female,35.815,3,no,northwest,11,13862,1,702,38,1,10846.1
21,female,32.68,2,no,northwest,8,14329,0,691,5,0,21571.14
51,male,37.0,0,no,southwest,12,11815,0,659,35,0,7904.5
22,female,31.02,3,yes,southeast,6,14165,1,699,6,1,28981.38
47,male,36.08,1,yes,southeast,11,12845,1,733,31,1,37548.21
18,male,23.32,1,no,southeast,12,13030,0,717,2,0,1799.41
47,female,45.32,1,no,southeast,12,12307,1,649,31,0,8351.38
21,female,34.6,0,no,southwest,8,15977,0,745,5,0,1403.32
19,male,26.03,1,yes,northwest,7,12745,1,697,3,1,12578.98
23,male,18.715,0,no,northwest,8,16662,0,760,7,0,16717.82
54,male,31.6,0,no,southwest,12,13879,1,722,38,0,9282.03
37,female,17.29,2,no,northeast,6,10342,1,727,21,0,7014.75
46,female,23.655,1,yes,northwest,10,12412,2,714,30,1,19390.44
55,female,35.2,0,yes,southeast,7,15376,2,692,39,1,40351.44
30,female,27.93,0,no,northeast,10,14285,0,700,14,0,2835.09
18,male,21.565,0,yes,northeast,9,13498,1,750,2,1,10680.84
61,male,38.38,0,no,northwest,12,14957,0,664,45,0,11152.59
54,female,23.0,3,no,southwest,12,15643,1,693,38,0,8517.91
22,male,37.07,2,yes,southeast,4,14770,1,621,6,1,33756.02
45,female,30.495,1,yes,northwest,6,15587,2,665,29,1,35572.39
22,male,28.88,0,no,northeast,8,13458,2,659,6,0,2525.91
19,male,27.265,2,no,northwest,10,12461,1,690,3,1,20710.99
35,female,28.025,0,yes,northwest,12,14372,1,723,19,1,18564.9
18,male,23.085,0,no,northeast,5,13672,0,668,2,0,1000.0
20,male,30.685,0,yes,northeast,10,13062,1,625,4,1,31075.37
28,female,25.8,0,no,southwest,8,12353,2,670,12,0,2185.15
55,male,35.245,1,no,northeast,12,15359,0,708,39,0,9334.63
43,female,24.7,2,yes,northwest,12,14872,2,710,27,1,20071.58
43,female,25.08,0,no,northeast,12,15011,0,696,27,0,6350.77
22,male,52.58,1,yes,southeast,3,11281,1,669,6,1,40017.62
25,female,22.515,1,no,northwest,12,14833,1,695,9,0,3920.77
49,male,30.9,0,yes,southwest,12,13294,3,685,33,1,39500.7
44,female,36.955,1,no,northwest,9,15553,0,674,28,0,6977.53
64,male,26.41,0,no,northeast,12,16400,1,676,48,1,12905.42
49,male,29.83,1,no,northeast,12,11726,2,663,33,0,9589.08
47,male,29.8,3,yes,southwest,12,13315,2,710,31,1,24409.38
27,female,21.47,0,no,northwest,6,10851,1,734,11,0,2548.68
55,male,27.645,0,no,northwest,10,13070,0,749,39,0,8772.71
48,female,28.9,0,no,southwest,11,14438,0,724,32,0,4205.48
45,female,31.79,0,no,southeast,12,12461,1,634,29,1,18047.1
24,female,39.49,0,no,southeast,9,12773,1,742,8,0,1926.81
32,male,33.82,1,no,northwest,8,12213,1,698,16,0,2242.23
24,male,32.01,0,no,southeast,10,14992,1,708,8,0,1000.0
57,male,27.94,1,no,southeast,4,12463,0,701,41,0,6719.41
59,male,41.14,1,yes,southeast,12,13488,1,702,43,1,43106.01
36,male,28.595,3,no,northwest,4,12961,1,662,20,0,5219.35
29,female,25.6,4,no,southwest,7,12736,0,743,13,0,4867.22
42,female,25.3,1,no,southwest,7,13008,3,613,26,0,8766.56
48,male,37.29,2,no,southeast,7,16225,0,710,32,0,6754.94
39,male,42.655,0,no,northeast,12,17294,1,620,23,0,4420.08
63,male,21.66,1,no,northwest,12,12446,1,731,47,1,12099.83
54,female,31.9,1,no,southeast,12,16201,0,750,38,0,7933.73
37,male,37.07,1,yes,southeast,9,15524,1,704,21,1,35002.02
63,male,31.445,0,no,northeast,12,12703,0,747,47,0,11039.63
21,male,31.255,0,no,northwest,7,15177,0,743,5,0,1000.0
54,female,28.88,2,no,northeast,8,16204,0,693,38,0,9182.82
60,female,18.335,0,no,northeast,12,12792,1,752,44,1,11143.67
32,female,29.59,1,no,southeast,7,12060,1,637,16,0,4012.11
47,female,32.0,1,no,southwest,6,14825,0,678,31,0,5889.24
21,male,26.03,0,no,northeast,6,13947,0,769,5,0,1000.0
28,male,31.68,0,yes,southeast,12,16118,2,665,12,1,32460.88
63,male,33.66,3,no,southeast,12,15234,1,620,47,1,13800.29
18,male,21.78,2,no,southeast,6,14194,1,791,2,0,8510.98
32,male,27.835,1,no,northwest,8,11665,0,734,16,0,1954.79
38,male,19.95,1,no,northwest,9,15910,1,753,22,0,5413.68
32,male,31.5,1,no,southwest,12,17108,1,657,16,0,2795.04
62,female,30.495,2,no,northwest,12,14280,0,716,46,0,11271.82
39,female,18.3,5,yes,southwest,11,14641,2,728,23,1,17779.54
55,male,28.975,0,no,northeast,12,12172,0,682,39,0,9251.35
57,male,31.54,0,no,northwest,12,15619,0,697,41,0,10776.2
52,male,47.74,1,no,southeast,11,15492,1,590,36,0,9632.06
56,male,22.1,0,no,southwest,12,14654,1,708,40,0,10491.72
47,male,36.19,0,yes,southeast,11,16506,3,688,31,1,39991.5
55,female,29.83,0,no,northeast,12,14207,0,682,39,0,8515.28
23,male,32.7,3,no,southwest,10,15615,0,767,7,0,2367.87
22,female,30.4,0,yes,northwest,7,12037,2,633,6,1,31335.75
50,female,33.7,4,no,southwest,12,14810,1,676,34,0,10600.74
18,female,31.35,4,no,northeast,6,13234,0,681,2,0,1720.64
51,female,34.96,2,yes,northeast,12,15218,1,675,35,1,40691.88
22,male,33.77,0,no,southeast,1,11342,0,745,6,0,1000.0
52,female,30.875,0,no,northeast,12,14596,0,671,36,0,19956.14
25,female,33.99,1,no,southeast,9,15729,1,668,9,0,2688.84
33,female,19.095,2,yes,northeast,12,14363,1,752,17,1,14713.19
53,male,28.6,3,no,southwest,3,9374,3,679,37,0,12082.3
29,male,38.94,1,no,southeast,12,18139,0,687,13,0,1717.79
58,male,36.08,0,no,southeast,12,17078,0,656,42,0,7849.14
37,male,29.8,0,no,southwest,12,12848,1,694,21,1,16729.97
54,female,31.24,0,no,southeast,9,15063,0,744,38,0,8004.01
49,female,29.925,0,no,northwest,12,14010,0,652,33,0,6750.85
50,female,26.22,2,no,northwest,8,14098,0,695,34,0,6483.36
26,male,30.0,1,no,southwest,6,13910,0,644,10,0,1287.56
45,male,20.35,3,no,southeast,12,14527,0,756,29,0,6412.34
54,female,32.3,1,no,northeast,12,13458,0,744,38,0,8699.51
38,male,38.39,3,yes,southeast,10,13256,2,652,22,1,39070.45
48,female,25.85,3,yes,southeast,12,13322,3,649,32,1,25319.42
28,female,26.315,3,no,northwest,10,13166,0,685,12,0,4732.08
23,male,24.51,0,no,northeast,8,13941,0,714,7,0,1000.0
55,male,32.67,1,no,southeast,12,13558,1,677,39,0,9739.5
41,male,29.64,5,no,northeast,12,16144,0,741,25,0,7239.12
25,male,33.33,2,yes,southeast,8,16553,1,663,9,1,32581.22
33,male,35.75,1,yes,southeast,10,13519,1,694,17,1,34081.01
30,female,19.95,3,no,northwest,12,15557,0,727,14,0,4120.18
23,female,31.4,0,yes,southwest,11,15804,1,666,7,1,29370.38
46,male,38.17,2,no,southeast,12,15712,0,672,30,0,6589.66
53,female,36.86,3,yes,northwest,12,14934,2,675,37,1,43619.43
27,female,32.395,1,no,northeast,5,14358,0,733,11,0,14798.28
23,female,42.75,1,yes,northeast,12,16075,1,649,7,1,36900.85
63,female,25.08,0,no,northwest,10,11951,1,669,47,1,11771.79
55,male,29.9,0,no,southwest,12,16253,0,743,39,0,6858.89
35,female,35.86,2,no,southeast,7,15083,0,659,19,0,4060.6
34,male,32.8,1,no,southwest,9,12892,0,709,18,0,10903.92
19,female,18.6,0,no,southwest,8,14179,2,717,3,0,1000.0
39,female,23.87,5,no,southeast,11,15877,0,721,23,0,5495.47
27,male,45.9,2,no,southwest,9,13939,1,631,11,0,2426.34
57,male,40.28,0,no,northeast,12,16569,0,699,41,0,18258.24
52,female,18.335,0,no,northwest,12,18839,0,618,36,0,8319.14
28,male,33.82,0,no,northwest,7,12344,1,724,12,1,16444.56
50,female,28.12,3,no,northwest,12,12502,0,682,34,0,8422.04
44,female,25.0,1,no,southwest,12,15456,1,725,28,0,7987.04
26,female,22.23,0,no,northwest,4,14037,0,744,10,0,1809.15
33,male,30.25,0,no,southeast,11,14413,1,740,17,0,2142.66
19,female,32.49,0,yes,northwest,9,16886,2,683,3,1,35172.03
50,male,37.07,1,no,southeast,11,12274,0,658,34,0,7031.66
41,female,32.6,3,no,southwest,12,16163,0,644,25,0,6966.72
52,female,24.86,0,no,southeast,11,13490,0,711,36,0,23061.22
39,male,32.34,2,no,southeast,10,17338,0,632,23,0,5725.51
50,male,32.3,2,no,southwest,11,17937,1,667,34,0,7657.7
52,male,32.775,3,no,northwest,12,13517,0,689,36,0,8883.29
60,male,32.8,0,yes,southwest,10,13166,1,663,44,1,48387.56
20,female,31.92,0,no,northwest,3,14061,1,692,4,0,1000.0
55,male,21.5,1,no,southwest,12,14117,0,725,39,0,8516.31
42,male,34.1,0,no,southwest,8,13693,0,684,26,0,3655.57
18,female,30.305,0,no,northeast,4,12973,0,622,2,0,1073.56
58,female,36.48,0,no,northwest,6,9667,0,643,42,0,10556.18
43,female,32.56,3,yes,southeast,9,14031,2,699,27,1,38372.41
35,female,35.815,1,no,northwest,5,11802,0,719,19,0,3552.31
48,female,27.93,4,no,northwest,12,14042,0,650,32,0,9020.17
36,female,22.135,3,no,northeast,12,17514,1,691,20,0,6243.95
19,male,44.88,0,yes,southeast,5,11079,1,689,3,1,35397.45
23,female,23.18,2,no,northwest,12,16637,0,703,7,0,13208.16
20,female,30.59,0,no,northeast,10,14226,0,702,4,0,1000.0
32,female,41.1,0,no,southwest,8,13444,0,725,16,0,1733.98
43,female,34.58,1,no,northwest,3,13599,0,682,27,0,5095.57
34,male,42.13,2,no,southeast,12,15668,0,654,18,0,4570.61
30,male,38.83,1,no,southeast,4,13720,0,676,14,0,15579.83
18,female,28.215,0,no,northeast,2,13976,0,778,2,0,1000.0
41,female,28.31,1,no,northwest,12,14422,0,729,25,0,6201.9
35,female,26.125,0,no,northeast,12,14034,0,720,19,0,4098.02
57,male,40.37,0,no,southeast,12,12900,4,611,41,0,12513.66
29,female,24.6,2,no,southwest,10,13162,1,731,13,0,5328.51
32,male,35.2,2,no,southwest,11,19833,1,703,16,0,5400.72
37,female,34.105,1,no,northwest,12,17161,0,658,21,0,4604.3
18,male,27.36,1,yes,northeast,9,12133,2,716,2,1,15034.22
43,female,26.7,2,yes,southwest,11,12407,1,701,27,1,18758.29
56,female,41.91,0,no,southeast,12,15579,1,661,40,0,10350.14
38,male,29.26,2,no,northwest,10,15360,0,679,22,0,3993.48
29,male,32.11,2,no,northwest,6,14298,1,676,13,0,2027.05
22,female,27.1,0,no,southwest,6,13037,0,681,6,0,1000.0
52,female,24.13,1,yes,northwest,7,13107,1,676,36,1,20742.91
40,female,27.4,1,no,southwest,10,14957,0,729,24,0,4685.63
23,female,34.865,0,no,northeast,4,13001,1,669,7,0,3307.68
31,male,29.81,0,yes,southeast,5,9262,1,651,15,1,17423.13
42,female,41.325,1,no,northeast,11,14279,0,750,26,0,5227.43
24,female,29.925,0,no,northwest,12,13793,0,669,8,0,1920.57
25,female,30.3,0,no,southwest,11,15223,1,733,9,0,2467.2
48,female,27.36,1,no,northeast,6,18155,0,664,32,0,7686.23
23,female,28.49,1,yes,southeast,4,13480,1,717,7,1,15748.47
45,male,23.56,2,no,northeast,12,14392,2,695,29,0,9811.02
20,male,35.625,3,yes,northwest,4,14467,1,657,4,1,33929.82
62,female,32.68,0,no,northwest,12,15491,0,707,46,0,11433.75
43,female,25.27,1,yes,northeast,12,15669,2,700,27,1,20606.91
23,female,28.0,0,no,southwest,5,14187,1,674,7,1,12144.78
31,female,32.775,2,no,northwest,9,17731,1,658,15,0,4043.53
41,female,21.755,1,no,northeast,6,11262,0,678,25,0,9472.97
58,female,32.395,1,no,northeast,11,15235,0,712,42,0,9155.18
48,female,36.575,0,no,northwest,12,13305,0,644,32,0,6175.34
31,female,21.755,0,no,northwest,4,13679,2,709,15,0,4727.36
19,female,27.93,3,no,northwest,8,12553,0,735,3,0,15049.31
19,female,30.02,0,yes,northwest,7,13105,1,703,3,1,29746.86
41,male,33.55,0,no,southeast,12,14483,1,660,25,0,4824.09
40,male,29.355,1,no,northwest,11,16359,0,742,24,0,4024.62
31,female,25.8,2,no,southwest,12,16696,1,694,15,0,3556.32
37,male,24.32,2,no,northwest,10,12327,0,678,21,0,4312.17
46,male,40.375,2,no,northwest,10,14403,0,667,30,0,6551.26
22,male,32.11,0,no,northwest,8,12864,0,722,6,0,1000.0
51,male,32.3,1,no,northeast,12,12696,1,665,35,0,9351.58
18,female,27.28,3,yes,southeast,7,13461,1,735,2,1,15713.67
35,male,17.86,1,no,northwest,9,13651,0,717,19,0,1863.37
59,female,34.8,2,no,southwest,11,18540,1,659,43,1,34241.07
36,male,33.4,2,yes,southwest,7,14296,1,649,20,1,34245.39
37,female,25.555,1,yes,northeast,5,10603,1,733,21,1,17664.86
59,male,37.1,1,no,southwest,12,13755,0,685,43,0,11517.9
36,male,30.875,1,no,northwest,6,14996,0,671,20,0,4150.43
39,male,34.1,2,no,southeast,8,17365,2,658,23,1,22514.52
18,male,21.47,0,no,northeast,5,10534,0,626,2,0,1000.0
52,female,33.3,2,no,southwest,12,11624,1,713,36,0,9696.67
27,female,31.255,1,no,northwest,7,16876,1,686,11,0,3413.57
18,male,39.14,0,no,northeast,10,15392,3,560,2,1,14437.27
40,male,25.08,0,no,southeast,8,12324,0,672,24,0,5078.36
29,male,37.29,2,no,southeast,9,15174,1,659,13,0,5766.24
46,female,34.6,1,yes,southwest,8,9229,1,636,30,1,37628.68
38,female,30.21,3,no,northwest,12,15036,1,723,22,0,4796.5
30,female,21.945,1,no,northeast,5,13607,1,735,14,0,2709.81
40,male,24.97,2,no,southeast,11,16271,1,724,24,0,7427.5
50,male,25.3,0,no,southeast,12,13126,0,631,34,0,7372.19
20,female,24.42,0,yes,southeast,8,14246,1,694,4,1,23594.55
41,male,23.94,1,no,northeast,10,12812,0,702,25,0,4766.48
33,female,39.82,1,no,southeast,9,14639,0,645,17,0,2075.97
38,male,16.815,2,no,northeast,10,12908,2,709,22,0,8409.5
42,male,37.18,2,no,southeast,10,13676,1,635,26,0,5749.92
56,male,34.43,0,no,southeast,12,13067,1,690,40,0,10241.18
58,male,30.305,0,no,northeast,12,15837,1,722,42,0,9527.8
52,male,34.485,3,yes,northwest,10,15679,2,694,36,1,54793.45
20,female,21.8,0,yes,southwest,3,12201,1,716,4,1,18251.26
54,female,24.605,3,no,northwest,12,14855,1,782,38,1,10781.01
58,male,23.3,0,no,southwest,12,12267,1,756,42,0,9731.36
45,female,27.83,2,no,southeast,8,13216,1,699,29,0,7356.76
26,male,31.065,0,no,northwest,12,15125,0,688,10,0,1000.0
63,female,21.66,0,no,northeast,12,19110,0,780,47,0,10313.14
58,female,28.215,0,no,northwest,11,12540,0,749,42,0,10332.73
37,male,22.705,3,no,northeast,11,17234,0,681,21,0,4798.97
25,female,42.13,1,no,southeast,12,16920,0,710,9,0,2440.43
52,male,41.8,2,yes,southeast,11,14997,1,655,36,1,43619.23
64,male,36.96,2,yes,southeast,12,17630,1,645,48,1,45883.67
22,female,21.28,3,no,northwest,6,14103,0,665,6,0,1000.0
28,female,33.11,0,no,southeast,5,13742,1,677,12,0,1720.41
18,male,33.33,0,no,southeast,5,13140,0,698,2,0,1000.0
28,male,24.3,5,no,southwest,5,15160,1,769,12,0,4769.53
45,female,25.7,3,no,southwest,11,16489,1,742,29,0,10025.11
33,male,29.4,4,no,southwest,7,12541,0,689,17,0,3164.4
18,female,39.82,0,no,southeast,7,11587,0,692,2,0,1040.92
32,male,33.63,1,yes,northeast,4,12375,2,702,16,1,34615.82
24,male,29.83,0,yes,northeast,9,12980,1,700,8,1,15072.37
19,male,19.8,0,no,southwest,9,14307,0,718,3,0,1000.0
20,male,27.3,0,yes,southwest,1,14104,2,673,4,1,15111.84
40,female,29.3,4,no,southwest,11,13923,0,724,24,0,11475.01
34,female,27.72,0,no,southeast,12,15017,2,705,18,0,3212.13
42,female,37.9,0,no,southwest,7,13569,2,650,26,0,5086.49
51,female,36.385,3,no,northwest,12,16277,0,597,35,0,9755.28
54,female,27.645,1,no,northwest,12,10970,0,670,38,0,8749.14
55,male,37.715,3,no,northwest,10,13144,2,683,39,1,27500.26
52,female,23.18,0,no,northeast,12,15179,1,642,36,0,8844.94
32,female,20.52,0,no,northeast,10,16560,0,778,16,0,1324.1
28,male,37.1,1,no,southwest,8,13144,0,723,12,0,1049.68
41,female,28.05,1,no,southeast,12,11795,0,715,25,0,3329.82
43,female,29.9,1,no,southwest,8,14809,1,717,27,0,7301.85
49,female,33.345,2,no,northeast,12,13785,1,704,33,0,10864.92
64,male,23.76,0,yes,southeast,9,11718,1,711,48,1,21872.41
55,female,30.5,0,no,southwest,12,13714,1,646,39,0,9393.81
24,male,31.065,0,yes,northeast,5,12826,1,727,8,1,29809.04
20,female,33.3,0,no,southwest,5,12172,0,747,4,0,1000.0
45,male,27.5,3,no,southwest,12,11176,1,661,29,0,8792.15
26,male,33.915,1,no,northwest,11,16435,0,647,10,0,1537.69
25,female,34.485,0,no,northwest,10,16792,0,690,9,0,1420.2
43,male,25.52,5,no,southeast,7,14563,0,700,27,0,14206.65
35,male,27.61,1,no,southeast,8,11941,1,708,19,0,3828.18
26,male,27.06,0,yes,southeast,12,14867,1,747,10,1,16807.62
57,male,23.7,0,no,southwest,12,14734,0,648,41,0,9391.19
22,female,30.4,0,no,northeast,12,16288,0,762,6,0,1000.0
32,female,29.735,0,no,northwest,10,15656,1,683,16,0,3173.68
39,male,29.925,1,yes,northeast,10,13167,2,702,23,1,21153.29
25,female,26.79,2,no,northwest,7,13864,0,739,9,0,1134.38
48,female,33.33,0,no,southeast,12,15657,1,712,32,0,6661.83
47,female,27.645,2,yes,northwest,11,17070,3,681,31,1,23893.37
18,female,21.66,0,yes,northeast,9,15628,1,731,2,1,12791.12
18,male,30.03,1,no,southeast,10,16071,1,706,2,0,3023.72
61,male,36.3,1,yes,southwest,11,14528,1,655,45,1,42297.03
47,female,24.32,0,no,northeast,7,15793,0,664,31,0,6699.57
28,female,17.29,0,no,northeast,3,13177,0,703,12,0,1000.0
36,female,25.9,1,no,southwest,11,13296,1,705,20,0,5799.46
20,male,39.4,2,yes,southwest,4,15286,1,640,4,1,32480.6
44,male,34.32,1,no,southeast,4,13726,0,668,28,0,5487.27
38,female,19.95,2,no,northeast,11,13977,0,801,22,0,4879.68
19,male,34.9,0,yes,southwest,12,14500,1,711,3,1,31224.2
21,male,23.21,0,no,southeast,7,14289,1,708,5,0,1000.0
46,male,25.745,3,no,northwest,12,15697,2,720,30,0,8260.58
58,male,25.175,0,no,northeast,12,15065,0,708,42,0,8510.57
20,male,22.0,1,no,southwest,7,14329,0,736,4,0,1000.0
18,male,26.125,0,no,northeast,9,17320,0,735,2,0,1000.0
28,female,26.51,2,no,southeast,7,15502,2,680,12,0,4384.6
33,male,27.455,2,no,northwest,10,14829,1,680,17,0,5044.38
19,female,25.745,1,no,northwest,8,15715,1,752,3,0,2054.92
45,male,30.36,0,yes,southeast,9,12270,1,716,29,1,55336.95
62,male,30.875,3,yes,northwest,12,15346,1,614,46,1,44539.24
25,female,20.8,1,no,southwest,7,16801,1,700,9,0,3149.59
43,male,27.8,0,yes,southwest,8,13384,1,675,27,1,33916.11
42,male,24.605,2,yes,northeast,12,13529,1,690,26,1,18721.19
24,female,27.72,0,no,southeast,5,12031,0,745,8,0,1265.64
29,female,21.85,0,yes,northeast,8,12113,1,721,13,1,13411.96
32,male,28.12,4,yes,northwest,9,12886,2,641,16,1,19582.63
25,female,30.2,0,yes,southwest,11,14295,1,682,9,1,32023.58
41,male,32.2,2,no,southwest,12,12596,0,720,25,0,5075.97
42,male,26.315,1,no,northwest,10,14397,0,711,26,0,4276.8
33,female,26.695,0,no,northwest,11,16339,0,695,17,0,2969.39
34,male,42.9,1,no,southwest,12,13547,0,681,18,0,3824.8
19,female,34.7,2,yes,southwest,9,16998,1,739,3,1,32964.95
30,female,23.655,3,yes,northwest,9,15118,1,731,14,1,17438.12
18,male,28.31,1,no,northeast,3,14382,0,759,2,0,6998.5
19,female,20.6,0,no,southwest,4,11797,0,716,3,0,1000.0
18,male,53.13,0,no,southeast,6,14983,2,614,2,0,1753.96
35,male,39.71,4,no,northeast,7,11719,0,678,19,0,16188.24
39,female,26.315,2,no,northwest,9,15628,1,711,23,0,7302.08
31,male,31.065,3,no,northwest,9,14527,2,696,15,0,6391.97
62,male,26.695,0,yes,northeast,12,15611,1,674,46,1,25705.15
62,male,38.83,0,no,southeast,12,12671,1,692,46,1,9941.61
42,female,40.37,2,yes,southeast,12,13448,1,608,26,1,39761.79
31,male,25.935,1,no,northwest,9,15250,0,673,15,0,1855.7
61,male,33.535,0,no,northeast,7,11573,0,772,45,0,10747.94
42,female,32.87,0,no,northeast,7,14257,1,670,26,0,6921.88
51,male,30.03,1,no,southeast,11,12211,1,721,35,0,8040.29
23,female,24.225,2,no,northeast,4,14297,0,785,7,0,17540.83
52,male,38.6,2,no,southwest,12,12725,0,601,36,0,9910.36
57,female,25.74,2,no,southeast,12,15684,0,760,41,0,9563.42
23,female,33.4,0,no,southwest,11,16019,0,721,7,0,7413.26
52,female,44.7,3,no,southwest,11,13335,2,697,36,0,10565.11
50,male,30.97,3,no,northwest,12,15839,0,664,34,0,8068.99
18,female,31.92,0,no,northeast,7,14273,0,753,2,0,1000.0
18,female,36.85,0,no,southeast,6,12614,0,662,2,0,1000.0
21,female,25.8,0,no,southwest,5,11470,1,746,5,0,1000.0
61,female,29.07,0,yes,northwest,12,11349,2,686,45,1,26594.92
